placeUrl,title,rating,reviewCount,category,attributes,address,plusCode,website,phoneNumber,wednesday,thursday,friday,saturday,saturday_open,saturday_close,sunday,sunday_open,sunday_close,monday,tuesday,currentStatus,imgUrl,isClaimed,latitude,longitude,query,timestamp,pricing,info,isBlackOwned
https://www.google.com/maps/place/Paco%27s+Taqueria+-+Food+Truck/data=!4m7!3m6!1s0x8814ab0ea465f3e1:0xa3b80563c074e00d!8m2!3d39.9054765!4d-86.0490862!16s%2Fg%2F11tc8ltr9j!19sChIJ4fNlpA6rFIgRDeB0wGMFuKM,Paco's Taqueria - Food Truck,3.4,25,Taco restaurant,Â· Dine-in Â· Curbside pickup Â· Delivery,"6816 E 82nd St, Indianapolis, IN 46250, United States","WX42+59 Indianapolis, Indiana, USA",http://www.pacostaquerias.com/,+1 317-459-8116,10 am - 10 pm,10 am - 10 pm,10 am - 10 pm,10 am - 10 pm,10:00,22:00,10 am - 10 pm,10:00,22:00,10 a.m. - 10 p.m.,10 a.m. - 10 p.m.,Closing soon,https://lh3.googleusercontent.com/gps-proxy/AFm_dcTHpKD8wt5iV8qtBsXXVcffnWwtr0PTxF0DQUIXyExhCLVZnfN5Ryvt7v0Bu2PkaqOeXCXU1ByVk90IcDaWTEgNOMPa6n1YRdX4DYM93N3kzLjIiMgTLDAE_J2YB5aaq6-Yitz_H_03DcYiInAeL31w3RIpksAJ210PhOVg4OrxliFYB81ewejg=w426-h240-k-no,TRUE,39.9054375,-86.0490625,"https://www.google.com/maps/search/food+trucks+in+indianapolis/@40.0933878,-86.3872229,8z/data=!4m2!2m1!6e5?entry=ttu",2023-10-12T01:18:38.767Z,$,Identifies as women-owned,
https://www.google.com/maps/place/J%27s+Lobster+%26+Fish+Market/data=!4m7!3m6!1s0x886b5bde8e51866b:0xd0f85b591b157710!8m2!3d39.7804325!4d-86.1438927!16s%2Fg%2F11hzqgnp52!19sChIJa4ZRjt5ba4gREHcVG1lb-NA,J's Lobster & Fish Market,3.5,193,Seafood restaurant,Â· Dine-in Â· Takeout Â· Delivery,"906 Carrollton Ave #370, Indianapolis, IN 46202, United States","QVJ4+5C Indianapolis, Indiana, USA",http://jslobster.com/,+1 855-562-7655,11 am - 9 pm,11 am - 9 pm,11 am - 10 pm,11 am - 10 pm,11:00,22:00,11 am - 9 pm,11:00,21:00,11 a.m. - 9 p.m.,11 a.m. - 9 p.m.,Closed,https://lh5.googleusercontent.com/p/AF1QipNcLDgiylHS-6a67g8pumLr_aft-aEvgvc95eYg=w408-h306-k-no,TRUE,39.7804375,-86.1439375,"https://www.google.com/maps/search/food+trucks+in+indianapolis/@40.0933878,-86.3872229,8z/data=!4m2!2m1!6e5?entry=ttu",2023-10-12T01:19:49.370Z,,,
https://www.google.com/maps/place/El+Viejon+Food+Truck/data=!4m7!3m6!1s0x886b576156814059:0x471b88f4feb4ee9!8m2!3d39.8099076!4d-86.2216177!16s%2Fg%2F11twj919ly!19sChIJWUCBVmFXa4gR6U7rT4-4cQQ,El Viejon Food Truck,1,1,Mexican restaurant,Â· Dine-in Â· Drive-through Â· Delivery,"3612 W 30th St, Indianapolis, IN 46222, United States","RQ5H+X9 Indianapolis, Indiana, USA",https://www.elviejonfoodtruckindy.com/,+1 317-854-2999,2:30 pm - 1 am,2:30 pm - 1 am,2:30 pm - 4 am,2:30 pm - 4 am,14:30,4:00,2:30 pm - 12 am,14:30,0:00,Closed,2:30 p.m. - 1 a.m.,Open now,https://streetviewpixels-pa.googleapis.com/v1/thumbnail?panoid=UfFZRNsDC48F12bR3Hj1KA&cb_client=search.gws-prod.gps&w=408&h=240&yaw=239.83913&pitch=0&thumbfov=100,TRUE,39.8099375,-86.2215625,"https://www.google.com/maps/search/food+trucks+in+indianapolis/@40.0933878,-86.3872229,8z/data=!4m2!2m1!6e5?entry=ttu",2023-10-12T01:15:25.834Z,,,
https://www.google.com/maps/place/Food+Truck+Don+Luis/data=!4m7!3m6!1s0x886b57fe69709eff:0xeb2be0dbb23ddede!8m2!3d39.8183177!4d-86.2269832!16s%2Fg%2F11m_hp53qt!19sChIJ_55waf5Xa4gR3t49stvgK-s,Food Truck Don Luis,3,2,Mexican restaurant,Â· Dine-in Â· Takeout Â· Delivery,"3605 Commercial Dr, Indianapolis, IN 46222, United States","RQ9F+86 Indianapolis, Indiana, USA",http://orderfoodtruckdonluis.com/,+1 317-795-5980,Closed,6 pm - 12 am,6 am - 12:30 am,6 pm - 1 am,18:00,1:00,6 pm - 12 am,18:00,0:00,6 p.m. - 12 a.m.,6 a.m. - 12 a.m.,Closed today,https://streetviewpixels-pa.googleapis.com/v1/thumbnail?panoid=rInPW3RJJ9YXhnTL7Xs8fw&cb_client=search.gws-prod.gps&w=408&h=240&yaw=75.450966&pitch=0&thumbfov=100,TRUE,39.8183125,-86.2269375,"https://www.google.com/maps/search/food+trucks+in+indianapolis/@40.0933878,-86.3872229,8z/data=!4m2!2m1!6e5?entry=ttu",2023-10-12T01:16:43.711Z,,,
https://www.google.com/maps/place/Antojitos+Guzman+food+truck+%231/data=!4m7!3m6!1s0x886b557aa1d8879f:0x4709f269130b65c7!8m2!3d39.8527225!4d-86.2414365!16s%2Fg%2F11rd909d4z!19sChIJn4fYoXpVa4gRx2ULE2nyCUc,Antojitos Guzman food truck #1,3.5,8,Restaurant,Â· Dine-in Â· Drive-through Â· Delivery,"4853 W 56th St, Indianapolis, IN 46254, United States","VQ35+3C Indianapolis, Indiana, USA",https://antojitosguzmanfoodtruck1.business.site/?utm_source=gmb&utm_medium=referral,,2 - 9:30 pm,2 - 9:30 pm,2 - 9:30 pm,2 - 9:30 pm,14:00,21:30,2 - 9:30 pm,14:00,21:30,Closed,Closed,Closing soon,https://lh5.googleusercontent.com/p/AF1QipNKs5v5bTS_8Wg1YHKjc2-dEWA9OXKnD8wLka0s=w408-h544-k-no,TRUE,39.8526875,-86.2414375,"https://www.google.com/maps/search/food+trucks+in+indianapolis/@40.0933878,-86.3872229,8z/data=!4m2!2m1!6e5?entry=ttu",2023-10-12T01:15:03.817Z,,Identifies as Latino-owned,
https://www.google.com/maps/place/Huge+Impact+Restaurant/data=!4m7!3m6!1s0x886b561a5fe09c29:0xa651e3f969433f22!8m2!3d39.8256814!4d-86.247654!16s%2Fg%2F11hd7f94yd!19sChIJKZzgXxpWa4gRIj9DafnjUaY,Huge Impact Restaurant,3.9,267,Restaurant,Â· Dine-in Â· Takeout Â· Delivery,"5110 W 38th St, Indianapolis, IN 46254, United States","RQG2+7W Indianapolis, Indiana, USA",https://hugeimpactllc.weebly.com/,+1 317-975-0037,12 - 8 pm,12 - 9 pm,12 - 9 pm,12 - 9 pm,12:00,21:00,2 - 6 pm,14:00,18:00,12 - 9 p.m.,12 - 9 p.m.,Closed,https://lh5.googleusercontent.com/p/AF1Qipmla6F7G--ZBNR3HTPk6Moy8KlJJvAoi2CI2A-a=w493-h240-k-no,TRUE,39.8256875,-86.2476875,"https://www.google.com/maps/search/food+trucks+in+indianapolis/@40.0933878,-86.3872229,8z/data=!4m2!2m1!6e5?entry=ttu",2023-10-12T01:18:49.016Z,,,
https://www.google.com/maps/place/El+Buenavista+Food+Truck/data=!4m7!3m6!1s0x886b4f13f27ed205:0xb5c5edafbb29b30!8m2!3d39.7608462!4d-86.0812326!16s%2Fg%2F11twqgz7vc!19sChIJBdJ-8hNPa4gRMJuy-9peXAs,El Buenavista Food Truck,5,9,Mexican restaurant,Â· Dine-in Â· Drive-through Â· Delivery,"5210 English Ave, Indianapolis, IN 46219, United States","QW69+8G Indianapolis, Indiana, USA",,+1 317-629-8198,1:59 pm - 4:59 am,1:59 pm - 4:59 am,1:59 pm - 4:59 am,1:59 pm - 4:59 am,13:59,4:59,1:59 pm - 4:59 am,13:59,4:59,1:59 p.m. - 4:59 a.m.,1:59 p.m. - 4:59 a.m.,Open now,https://lh5.googleusercontent.com/p/AF1Qipm4z4p9XCYj6k-e5CTt7iuaFnLCcd7DGQZY8WQ5=w408-h544-k-no,TRUE,39.7608125,-86.0811875,"https://www.google.com/maps/search/food+trucks+in+indianapolis/@40.0933878,-86.3872229,8z/data=!4m2!2m1!6e5?entry=ttu",2023-10-12T01:16:39.353Z,,,
https://www.google.com/maps/place/Gaucho%27s+Fire+Express/data=!4m7!3m6!1s0x886b5179d2faa2b5:0xb149e69974db631!8m2!3d39.7802574!4d-86.1436438!16s%2Fg%2F11p106h6h0!19sChIJtaL60nlRa4gRMbZNl2meFAs,Gaucho's Fire Express,4.7,43,Fast food restaurant,Â· Dine-in Â· Takeout Â· No-contact delivery,"906 Carrollton Ave Suite 320, Indianapolis, IN 46202, United States","QVJ4+4G Indianapolis, Indiana, USA",https://www.express.gauchosfire.com/,+1 317-319-8625,10 am - 9 pm,10 am - 9 pm,10 am - 10 pm,10 am - 10 pm,10:00,22:00,10 am - 9 pm,10:00,21:00,10 a.m. - 9 p.m.,10 a.m. - 9 p.m.,Closed,https://lh5.googleusercontent.com/p/AF1QipNgebpN-oDCMuz7TlLiRp457IH59sv0uhDIUQHz=w408-h544-k-no,TRUE,39.7803125,-86.1436875,"https://www.google.com/maps/search/food+trucks+in+indianapolis/@40.0933878,-86.3872229,8z/data=!4m2!2m1!6e5?entry=ttu",2023-10-12T01:18:30.559Z,$,,
https://www.google.com/maps/place/ClusterTruck/data=!4m7!3m6!1s0x886b50c1c2f1b527:0x3422fdd599524a08!8m2!3d39.7775861!4d-86.1556021!16s%2Fg%2F11clyf073f!19sChIJJ7XxwsFQa4gRCEpSmdX9IjQ,ClusterTruck,4.8,1147,Delivery Restaurant,Â· Takeout Â· Delivery Â· Dine-in,"729 N Pennsylvania St, Indianapolis, IN 46204, United States","QRHV+2Q Indianapolis, Indiana, USA",https://downtown-indy.clustertruck.com/menu?utm_source=google%20my%20business&utm_medium=search%20listing,+1 317-732-1084,8 am - 10 pm,8 am - 10 pm,8 am - 11 pm,10 am - 11 pm,10:00,23:00,10 am - 9 pm,10:00,21:00,8 a.m. - 10 p.m.,8 a.m. - 10 p.m.,Closing soon,https://lh5.googleusercontent.com/p/AF1QipmjetIKr7iEsi0ZUTppOmMvUwSiz56i71foF6Tk=w408-h407-k-no,TRUE,39.7775625,-86.1555625,"https://www.google.com/maps/search/food+trucks+in+indianapolis/@40.0933878,-86.3872229,8z/data=!4m2!2m1!6e5?entry=ttu",2023-10-12T01:15:21.359Z,,,
https://www.google.com/maps/place/ClusterTruck+-+Broad+Ripple/data=!4m7!3m6!1s0x886b538da784b4e5:0xa845ca9abd40f8d3!8m2!3d39.8683662!4d-86.1257019!16s%2Fg%2F11k8x0cknz!19sChIJ5bSEp41Ta4gR0_hAvZrKRag,ClusterTruck - Broad Ripple,4.9,350,Delivery Restaurant,Â· Takeout Â· Delivery Â· Dine-in,"2101 E 62nd St, Indianapolis, IN 46220, United States","VV9F+8P Indianapolis, Indiana, USA",http://clustertruck.com/,+1 317-751-9543,10 am - 10 pm,10 am - 10 pm,10 am - 11 pm,10 am - 11 pm,10:00,23:00,10 am - 9 pm,10:00,21:00,10 a.m. - 10 p.m.,10 a.m. - 10 p.m.,Closing soon,https://lh5.googleusercontent.com/p/AF1QipNFOk7SHkFAgQKj2pXcZp-sYkLKYVURrTcqxYzG=w408-h271-k-no,TRUE,39.8683125,-86.1256875,"https://www.google.com/maps/search/food+trucks+in+indianapolis/@40.0933878,-86.3872229,8z/data=!4m2!2m1!6e5?entry=ttu",2023-10-12T01:18:07.396Z,,,
https://www.google.com/maps/place/ClusterTruck+-+Carmel/data=!4m7!3m6!1s0x8814ad99f5931963:0xcb037f841724933e!8m2!3d39.9627342!4d-86.1254246!16s%2Fg%2F11j3wynh50!19sChIJYxmT9ZmtFIgRPpmkF4R_A8s,ClusterTruck - Carmel,4.9,307,Delivery Restaurant,,"1217 S Rangeline Rd, Carmel, IN 46032, United States","XV7F+3R Carmel, Indiana, USA",https://carmel.clustertruck.com/menu?utm_source=google%20my%20business&utm_medium=search%20listing,+1 317-689-0294,10 am - 9 pm,10 am - 9 pm,10 am - 9 pm,10 am - 9 pm,10:00,21:00,10 am - 9 pm,10:00,21:00,10 a.m. - 9 p.m.,10 a.m. - 9 p.m.,Temporarily closed,https://lh5.googleusercontent.com/p/AF1QipNSLf9iyBxWEnYyESm_rm4ZS0knhx6JOYDI4QY_=w408-h272-k-no,TRUE,39.9626875,-86.1254375,"https://www.google.com/maps/search/food+trucks+in+indianapolis/@40.0933878,-86.3872229,8z/data=!4m2!2m1!6e5?entry=ttu",2023-10-12T01:20:45.108Z,,,
https://www.google.com/maps/place/King+Gyro+Food+Truck-+Emerson+Avenue/data=!4m7!3m6!1s0x886b43beda49e899:0xea11341ddff66768!8m2!3d39.6637097!4d-86.0845258!16s%2Fg%2F11l1mvj_dl!19sChIJmehJ2r5Da4gRaGf23x00Eeo,King Gyro Food Truck- Emerson Avenue,5,5,Restaurant,Â· Dine-in Â· Takeout,"7140 S Emerson Ave, Indianapolis, IN 46237, United States","MW78+F5 Indianapolis, Indiana, USA",,+1 347-666-3796,10 am - 10 pm,10 am - 10 pm,10 am - 11 pm,10 am - 11 pm,10:00,23:00,10 am - 10 pm,10:00,22:00,10 a.m. - 10 p.m.,10 a.m. - 10 p.m.,Closing soon,https://lh5.googleusercontent.com/p/AF1QipPZ31c0tzV7LqAOq9rWqSD6NQCYeNCJAhgwqamE=w408-h291-k-no,TRUE,39.6636875,-86.0845625,"https://www.google.com/maps/search/food+trucks+in+indianapolis/@40.0933878,-86.3872229,8z/data=!4m2!2m1!6e5?entry=ttu",2023-10-12T01:19:36.360Z,,,
https://www.google.com/maps/place/King+gyros+food+truck/data=!4m7!3m6!1s0x886b596d3c07c2c1:0xf90007bc709549a3!8m2!3d39.6981336!4d-86.1857288!16s%2Fg%2F11tnbzlhlk!19sChIJwcIHPG1Za4gRo0mVcLwHAPk,King gyros food truck,4.7,46,Gyro restaurant,Â· Dine-in Â· Takeout Â· No-contact delivery,"4585 S Harding St, Indianapolis, IN 46217, United States","MRX7+7P Indianapolis, Indiana, USA",,+1 317-480-3257,10:30 am - 1 am,10:30 am - 1 am,10:30 am - 1 am,10:30 am - 1 am,10:30,1:00,10:30 am - 12 am,10:30,0:00,10:30 a.m. - 1 a.m.,10:30 a.m. - 1 a.m.,Open now,https://lh5.googleusercontent.com/p/AF1QipN9PvvNCeY4kO3OU1Jx5NalQqcFoVW6_EhtHDpb=w408-h544-k-no,TRUE,39.6981875,-86.1856875,"https://www.google.com/maps/search/food+trucks+in+indianapolis/@40.0933878,-86.3872229,8z/data=!4m2!2m1!6e5?entry=ttu",2023-10-12T01:16:25.291Z,,,
https://www.google.com/maps/place/Garcia%27s+Hot+Dogs/data=!4m7!3m6!1s0x886b4fcd84177d0d:0xdbd7354f59287c84!8m2!3d39.7893567!4d-86.082709!16s%2Fg%2F11g68y4bv4!19sChIJDX0XhM1Pa4gRhHwoWU8119s,Garcia's Hot Dogs,4.9,278,Hot dog stand,Â· Dine-in Â· Drive-through Â· Delivery,"5102 E 16th St, Indianapolis, IN 46218, United States","QWQ8+PW Indianapolis, Indiana, USA",https://www.facebook.com/Garcias-Hot-Dogs-286178404925747/?rf=113226448785862,+1 317-289-5593,10:30 am - 7:30 pm,10:30 am - 7:30 pm,10:30 am - 7:30 pm,10:30 am - 6:45 pm,10:30,18:45,10:30 am - 6 pm,10:30,18:00,10:30 a.m. - 7:30 p.m.,10:30 a.m. - 7:30 p.m.,Closed,https://lh5.googleusercontent.com/p/AF1QipPhO62WJsfhSd1Um9s15v71XHLxEi6f1BrII3_1=w408-h306-k-no,TRUE,39.7893125,-86.0826875,"https://www.google.com/maps/search/food+trucks+in+indianapolis/@40.0933878,-86.3872229,8z/data=!4m2!2m1!6e5?entry=ttu",2023-10-12T01:20:02.947Z,$,LGBTQ+ friendly,
https://www.google.com/maps/place/The+Latin+Flavor+-+Food+Truck/data=!4m7!3m6!1s0x886b491ed9d86bd5:0x17d4a75a53a48fa0!8m2!3d39.8263944!4d-86.0068405!16s%2Fg%2F11j5kj2szl!19sChIJ1WvY2R5Ja4gRoI-kU1qn1Bc,The Latin Flavor - Food Truck,4.1,47,Mexican restaurant,Â· Dine-in Â· Curbside pickup Â· No-contact delivery,"9130 E 38th St, Indianapolis, IN 46235, United States","RXGV+H7 Indianapolis, Indiana, USA",http://thelatinflavorindy.com/?utm_source=gmb&utm_medium=referral,+1 317-895-9259,11 am - 10 pm,11 am - 11 pm,11 am - 11 pm,11 am - 11 pm,11:00,23:00,11 am - 10 pm,11:00,22:00,11 a.m. - 10 p.m.,11 a.m. - 10 p.m.,Closing soon,https://lh5.googleusercontent.com/p/AF1QipP6qTNGyNpOA7tEdeG_mIDAEKD6HNs6u2xO1HI=w408-h544-k-no,TRUE,39.8264375,-86.0068125,"https://www.google.com/maps/search/food+trucks+in+indianapolis/@40.0933878,-86.3872229,8z/data=!4m2!2m1!6e5?entry=ttu",2023-10-12T01:14:51.049Z,$,LGBTQ+ friendly,
https://www.google.com/maps/place/Cumaco+Arepa+House/data=!4m7!3m6!1s0x8814b339f656da47:0x4a12024fe4e66c13!8m2!3d39.9278873!4d-86.0658384!16s%2Fg%2F11j83zxy5q!19sChIJR9pW9jmzFIgRE2zm5E8CEko,Cumaco Arepa House,4.6,419,Venezuelan restaurant,Â· Dine-in Â· Takeout Â· Delivery,"9642 Allisonville Rd, Indianapolis, IN 46250, United States","WWHM+5M Indianapolis, Indiana, USA",https://cumacoarepahouse.com/,+1 317-288-0844,"11 am - 3:30 pm, 5 - 9 pm","11 am - 3:30 pm, 5 - 9 pm",11 am - 9 pm,11 am - 9 pm,11:00,21:00,11 am - 4 pm,11:00,16:00,Closed,"11 a.m. - 3:30 p.m., 5 - 9 p.m.",Closed,https://lh5.googleusercontent.com/p/AF1QipOiZsoGRfDrecl-B1pvlGkNO44i85bSMeRdWF1v=w408-h306-k-no,TRUE,39.9279375,-86.0658125,"https://www.google.com/maps/search/food+trucks+in+indianapolis/@40.0933878,-86.3872229,8z/data=!4m2!2m1!6e5?entry=ttu",2023-10-12T01:20:15.790Z,$$,LGBTQ+ friendly,
https://www.google.com/maps/place/Mr.+%26+Mrs.+Hotdog+Stand/data=!4m7!3m6!1s0x886b51c4f9ac1a23:0xcad18cbafd8ae39c!8m2!3d39.7665145!4d-86.170606!16s%2Fg%2F11h1m3m417!19sChIJIxqs-cRRa4gRnOOK_bqM0co,Mr. & Mrs. Hotdog Stand,4.6,9,Hot dog stand,,"801 W Washington St, Indianapolis, IN 46204, United States","QR8H+JQ Indianapolis, Indiana, USA",http://mrandmrshotdogstand.com/,+1 317-640-8279,Closed,Closed,11 am - 8 pm,11 am - 8 pm,11:00,20:00,11 am - 8 pm,11:00,20:00,Closed,Closed,Temporarily closed,https://lh5.googleusercontent.com/p/AF1Qipmvg6whLrmgxC_OLDnyhyTFX4JmQHCQsSc_A4o-=w408-h816-k-no,TRUE,39.7665625,-86.1705625,"https://www.google.com/maps/search/food+trucks+in+indianapolis/@40.0933878,-86.3872229,8z/data=!4m2!2m1!6e5?entry=ttu",2023-10-12T01:20:31.862Z,,,
https://www.google.com/maps/place/ChefTLC/data=!4m7!3m6!1s0x8814b54709e5c17f:0x3709170d98f962cd!8m2!3d39.9255569!4d-86.0949886!16s%2Fg%2F11h7qkcb1p!19sChIJf8HlCUe1FIgRzWL5mA0XCTc,ChefTLC,4.8,44,Food producer,,,,https://www.toasttab.com/cheftlc-llc-12402-steelers-blvd/v3?utm_source=google&utm_medium=organic&utm_campaign=gmb-oo-web,+1 317-902-5570,Closed,Closed,Closed,Closed,#VALUE!,#VALUE!,11 am - 1 pm,11:00,13:00,Closed,Closed,Closed today,https://lh5.googleusercontent.com/p/AF1QipOBL49SehdumN_XISWJ8Jrx2tqfacPwVN944Zmz=w426-h240-k-no,TRUE,,,"https://www.google.com/maps/search/food+trucks+in+indianapolis/@40.0933878,-86.3872229,8z/data=!4m2!2m1!6e5?entry=ttu",2023-10-12T01:20:27.867Z,,LGBTQ+ friendly,TRUE
https://www.google.com/maps/place/Halftime+Indy/data=!4m7!3m6!1s0x886b4fc6ccb224a3:0x793893c57399687e!8m2!3d39.8310199!4d-86.0652507!16s%2Fg%2F11qh30gytw!19sChIJoySyzMZPa4gRfmiZc8WTOHk,Halftime Indy,4,1,Restaurant,Â· Drive-through Â· Delivery,"Corner Of 41st &, 4056 N Arlington Ave, Indianapolis, IN 46226, United States","RWJM+CV Indianapolis, Indiana, USA",https://foodtruck.pub/order/menu.aspx?busid=7210,+1 317-983-0005,Closed,5 - 10 pm,5 - 10 pm,11 am - 11 pm,11:00,23:00,11 am - 10 pm,11:00,22:00,5 - 10 p.m.,Closed,Closed today,https://lh5.googleusercontent.com/p/AF1QipNZDJP2EFwTWyLT7xNydcX1-OsvnZH7qVzopb1v=w408-h544-k-no,TRUE,39.8310625,-86.0653125,"https://www.google.com/maps/search/food+trucks+in+indianapolis/@40.0933878,-86.3872229,8z/data=!4m2!2m1!6e5?entry=ttu",2023-10-12T01:20:11.306Z,,,
https://www.google.com/maps/place/Taqueria+Mi+Costa/data=!4m7!3m6!1s0x886b5768b94a60a7:0xa7452cd4fd47fb03!8m2!3d39.767548!4d-86.1866145!16s%2Fg%2F11g6xhd3bs!19sChIJp2BKuWhXa4gRA_tH_dQsRac,Taqueria Mi Costa,4.3,201,Taco restaurant,Â· Dine-in Â· Takeout Â· Delivery,"1430 W Washington St, Indianapolis, IN 46222, United States","QR97+29 Indianapolis, Indiana, USA",https://taqueria-mi-costa.business.site/,+1 317-937-5828,11 am - 11 pm,11 am - 11 pm,11 am - 11 pm,11 am - 11 pm,11:00,23:00,12 - 11 pm,12:00,23:00,Closed,11 a.m. - 11 p.m.,Open now,https://lh5.googleusercontent.com/p/AF1QipOPXSSPye8wYxFMB37QhnijKLsVDYFf3YqDy64G=w408-h306-k-no,TRUE,39.7675625,-86.1865625,"https://www.google.com/maps/search/food+trucks+in+indianapolis/@40.0933878,-86.3872229,8z/data=!4m2!2m1!6e5?entry=ttu",2023-10-12T01:17:36.378Z,,,
"https://www.google.com/maps/place/F+%26+M+Assembly,+LLC/data=!4m7!3m6!1s0x886b56ced6f5a70b:0x8d227620f65c54cc!8m2!3d39.8102363!4d-86.1826644!16s%2Fg%2F1v42gk6x!19sChIJC6f11s5Wa4gRzFRc9iB2Io0","F & M Assembly, LLC",4.7,3,american restaurant,Â· Dine-in Â· Takeout Â· Delivery,"1164 W 30th St, Indianapolis, IN 46208, United States","RR68+3W Indianapolis, Indiana, USA",,+1 317-924-3485,Closed,Closed,Closed,Closed,#VALUE!,#VALUE!,12 - 5 pm,12:00,17:00,Closed,Closed,Closed today,https://lh5.googleusercontent.com/p/AF1QipmEoiAwf8-rWP1KoRSmZNhyLHpp1-z_i8Zyif4R=w426-h240-k-no,FALSE,39.8101875,-86.1826875,"https://www.google.com/maps/search/food+trucks+in+indianapolis/@40.0933878,-86.3872229,8z/data=!4m2!2m1!6e5?entry=ttu",2023-10-12T01:18:03.253Z,,,
https://www.google.com/maps/place/KG+Slider+Station/data=!4m7!3m6!1s0x886b566c992b1b63:0x86e0fabb0bd2561!8m2!3d39.8229194!4d-86.2343624!16s%2Fg%2F11cs4g5g0s!19sChIJYxsrmWxWa4gRYSW9sKsPbgg,KG Slider Station,5,1,Restaurant,Â· Dine-in Â· Takeout Â· Delivery,"3748 Lafayette Rd, Indianapolis, IN 46222, United States","RQF8+57 Indianapolis, Indiana, USA",http://www.keysgourmet.com/#!contact-us/clx0,+1 317-829-4239,12 - 8 pm,12 - 8 pm,11 am - 10 pm,11 am - 10 pm,11:00,22:00,12 - 8 pm,12:00,20:00,12 - 8 p.m.,12 - 8 p.m.,Closed,https://streetviewpixels-pa.googleapis.com/v1/thumbnail?panoid=EZlcPh0sMLNKh5tgzSZBEw&cb_client=search.gws-prod.gps&w=408&h=240&yaw=159.16777&pitch=0&thumbfov=100,FALSE,39.8229375,-86.2343125,"https://www.google.com/maps/search/food+trucks+in+indianapolis/@40.0933878,-86.3872229,8z/data=!4m2!2m1!6e5?entry=ttu",2023-10-12T01:16:09.372Z,,,
https://www.google.com/maps/place/El+amigo+Taqueria+Food+Truck/data=!4m7!3m6!1s0x886b57263c0594bf:0xb320a047b366dea9!8m2!3d39.7882877!4d-86.2153062!16s%2Fg%2F11p4z_xfc6!19sChIJv5QFPCZXa4gRqd5ms0egILM,El amigo Taqueria Food Truck,4.3,14,Mexican torta restaurant,Â· Dine-in Â· Curbside pickup Â· Delivery,"3356 W 16th St, Indianapolis, IN 46222, United States","QQQM+8V Indianapolis, Indiana, USA",,+1 317-452-0422,12 pm - 12 am,12 pm - 12 am,12 pm - 12 am,12 pm - 12 am,12:00,0:00,12 pm - 12 am,12:00,0:00,12 p.m. - 12 a.m.,12 p.m. - 12 a.m.,Open now,https://streetviewpixels-pa.googleapis.com/v1/thumbnail?panoid=cs6jN1dy6mJtv-efGOl8pw&cb_client=search.gws-prod.gps&w=408&h=240&yaw=53.22388&pitch=0&thumbfov=100,FALSE,39.7883125,-86.2153125,"https://www.google.com/maps/search/food+trucks+in+indianapolis/@40.0933878,-86.3872229,8z/data=!4m2!2m1!6e5?entry=ttu",2023-10-12T01:15:47.249Z,,,
https://www.google.com/maps/place/Tacos+El+Iturbidense/data=!4m7!3m6!1s0x886ca9872748c713:0x187a92a57564a024!8m2!3d39.779803!4d-86.273933!16s%2Fg%2F11hj2001w6!19sChIJE8dIJ4epbIgRJKBkdaWSehg,Tacos El Iturbidense,4.7,28,Taco restaurant,Â· Dine-in Â· Takeout Â· Delivery,"Circle K Parking Lot, 6402 W 10th St, Indianapolis, IN 46214, United States","QPHG+WC Indianapolis, Indiana, USA",,+1 317-603-1982,6 pm - 12 am,6 pm - 12 am,6 pm - 1 am,6 pm - 1 am,18:00,1:00,2 - 8 pm,14:00,20:00,Closed,Closed,Open now,https://lh3.googleusercontent.com/gps-proxy/AFm_dcQpV9Waxk5_kJmNJxAreFFW0JJ-JVIcHfSc_rv9ruWYnm4XRRGBYr9BWFFCarZTZKebZdJdTFQvh8Fs-o9S2ejIL3nUHAkUWSIH0kCjxzpWxgSAnEcritkjfZB2YRhsQ9sC412zDDIA7-ktDld2FQKQw8tFAqQEUfJxbcukCFQbxnNgnfhc4VcX5w=w426-h240-k-no,TRUE,39.7798125,-86.2739375,"https://www.google.com/maps/search/food+trucks+in+indianapolis/@40.0933878,-86.3872229,8z/data=!4m2!2m1!6e5?entry=ttu",2023-10-12T01:16:05.186Z,,Identifies as women-owned,
https://www.google.com/maps/place/El+Pastor+Taco+Truck/data=!4m7!3m6!1s0x886b5132becd8ca1:0x58dbd8b363d187d5!8m2!3d39.7602961!4d-86.1088905!16s%2Fg%2F11f6ydgzqb!19sChIJoYzNvjJRa4gR1YfRY7PY21g,El Pastor Taco Truck,4.7,46,Taco restaurant,,"1053997, Indianapolis, IN 46201, United States","QV6R+4C Indianapolis, Indiana, USA",,+1 317-629-2332,11 am - 11 pm,11 am - 11 pm,11 am - 12 am,11 am - 11 pm,11:00,23:00,2 - 10 pm,14:00,22:00,11 a.m. - 11 p.m.,11 a.m. - 11 p.m.,Temporarily closed,https://streetviewpixels-pa.googleapis.com/v1/thumbnail?panoid=uFLNVUb7cAQbupyawLPl-Q&cb_client=search.gws-prod.gps&w=408&h=240&yaw=359.3093&pitch=0&thumbfov=100,FALSE,39.7603125,-86.1089375,"https://www.google.com/maps/search/food+trucks+in+indianapolis/@40.0933878,-86.3872229,8z/data=!4m2!2m1!6e5?entry=ttu",2023-10-12T01:18:34.600Z,,,
https://www.google.com/maps/place/Tha+Corn+Man/data=!4m7!3m6!1s0x886b510d68e53e0d:0xfdb231cda694f066!8m2!3d39.8024794!4d-86.1499432!16s%2Fg%2F11jh4nb07m!19sChIJDT7laA1Ra4gRZvCUps0xsv0,Tha Corn Man,3.8,9,Takeout Restaurant,Â· Curbside pickup Â· Delivery Â· Dine-in,"2442 Central Ave, Indianapolis, IN 46205, United States","RV22+X2 Indianapolis, Indiana, USA",https://tha-corn-man.ueniweb.com/?utm_campaign=gmb,+1 317-360-2900,3 - 9 pm,3 - 9 pm,3 - 9 pm,3 - 9 pm,15:00,21:00,3 - 9 pm,15:00,21:00,3 - 9 p.m.,3 - 9 p.m.,Closed,https://lh3.googleusercontent.com/gps-proxy/AFm_dcSwAz40lr9pHiWhFrpmQcwyTssGapE5lQST78bT5SGJMy4ZRRuwARQmk5VnUGtj-g9eapswuY8GmMICrbe_SPw8nXAruHxOQ1MQ5TTjEO0YIMBWIF7JiPeF6zChUHg956koqYQjyDH1tafat8SW0mvC7BbRaTA8VTpmFGOFp1No2AN5XjeeFD0V=w426-h240-k-no,FALSE,39.8024375,-86.1499375,"https://www.google.com/maps/search/food+trucks+in+indianapolis/@40.0933878,-86.3872229,8z/data=!4m2!2m1!6e5?entry=ttu",2023-10-12T01:16:34.950Z,$,LGBTQ+ friendly,TRUE
https://www.google.com/maps/place/Taqueria+Los+Potrillos/data=!4m7!3m6!1s0x886b4b7b8f8fc35b:0xff77f2c29aaaaf46!8m2!3d39.8331972!4d-86.0109597!16s%2Fg%2F11jcf_vkyy!19sChIJW8OPj3tLa4gRRq-qmsLyd_8,Taqueria Los Potrillos,4.5,69,Restaurant,Â· Dine-in Â· Takeout Â· Delivery,"8925 42nd St, Indianapolis, IN 46226, United States","RXMQ+7J Indianapolis, Indiana, USA",,+1 317-654-6821,11:30 am - 10 pm,11:30 am - 10 pm,11:30 am - 11:30 pm,11:30 am - 11:30 pm,11:30,23:30,3 - 11 pm,15:00,23:00,11:30 a.m. - 10 p.m.,11:30 a.m. - 10 p.m.,Closing soon,https://lh5.googleusercontent.com/p/AF1QipPGNLfaGzHZS0ro6gF7GQVtMrRON4N-LIsQxo8p=w408-h306-k-no,TRUE,39.8331875,-86.0109375,"https://www.google.com/maps/search/food+trucks+in+indianapolis/@40.0933878,-86.3872229,8z/data=!4m2!2m1!6e5?entry=ttu",2023-10-12T01:18:11.652Z,,,
https://www.google.com/maps/place/Snack+shack/data=!4m7!3m6!1s0x886b570cfe4887e7:0x90646f243b1ab3c!8m2!3d39.8012781!4d-86.1874085!16s%2Fg%2F11qnj8q1r0!19sChIJ54dI_gxXa4gRPKuxQ_JGBgk,Snack shack,4,1,american restaurant,,"2405 N Harding St, Indianapolis, IN 46208, United States","RR27+G2 Indianapolis, Indiana, USA",,+1 317-657-1773,3 - 9 pm,3 - 9 pm,3 - 9 pm,3 - 9:30 pm,15:00,21:30,3 - 9 pm,15:00,21:00,3 p.m. - 9 a.m.,3 - 9 p.m.,Temporarily closed,https://lh5.googleusercontent.com/p/AF1QipOVsCyJc4L4IzO4x0Dyr9uQxO7RfFpZ8RCU15BO=w408-h724-k-no,FALSE,39.8013125,-86.1874375,"https://www.google.com/maps/search/food+trucks+in+indianapolis/@40.0933878,-86.3872229,8z/data=!4m2!2m1!6e5?entry=ttu",2023-10-12T01:20:53.983Z,,,
https://www.google.com/maps/place/Taqueria+El+Taco+Loco/data=!4m7!3m6!1s0x886b576fff8a9bd7:0x29c961d16fc451c0!8m2!3d39.7652112!4d-86.2055986!16s%2Fg%2F11clzgh2b6!19sChIJ15uK_29Xa4gRwFHEb9FhySk,Taqueria El Taco Loco,4.4,360,Mexican restaurant,Â· Dine-in Â· Takeout Â· Delivery,"2705 W Washington St, Indianapolis, IN 46222, United States","QQ8V+3Q Indianapolis, Indiana, USA",http://www.facebook.com/El-Volkan-Mexican-Restaurant-346354408845765/,+1 317-910-5930,5 - 10:55 pm,11 am - 10:55 pm,11 am - 11:50 pm,11 am - 11:50 pm,11:00,23:50,5 - 10:55 pm,17:00,22:55,5 - 10:55 p.m.,5 - 10:55 p.m.,Open now,https://lh5.googleusercontent.com/p/AF1QipPUVP90vHi-D7O898zWuIocHwxhJGzxF0GHbwvN=w408-h306-k-no,TRUE,39.7651875,-86.2055625,"https://www.google.com/maps/search/food+trucks+in+indianapolis/@40.0933878,-86.3872229,8z/data=!4m2!2m1!6e5?entry=ttu",2023-10-12T01:17:45.282Z,,,
https://www.google.com/maps/place/Taste+Of+Cholulas/data=!4m7!3m6!1s0x886b48cb5ca1a137:0x44228f14324eb28f!8m2!3d39.7735186!4d-86.0108822!16s%2Fg%2F11g8v3v08v!19sChIJN6GhXMtIa4gRj7JOMhSPIkQ,Taste Of Cholulas,4.2,43,Taco restaurant,Â· Dine-in Â· Drive-through Â· Delivery,"8901-8925 E Washington St, Indianapolis, IN 46219, United States","QXFQ+CJ Indianapolis, Indiana, USA",,+1 317-628-1258,5 pm - 12 am,5 pm - 12 am,5 pm - 12 am,5 pm - 12 am,17:00,0:00,5 pm - 12 am,17:00,0:00,5 p.m. - 12 a.m.,5 p.m. - 12 a.m.,Open now,https://lh5.googleusercontent.com/p/AF1QippmX49kRaNiBoVsXl2UtWWFCjcOw7yGjnyZlNxn=w408-h306-k-no,FALSE,39.7735625,-86.0109375,"https://www.google.com/maps/search/food+trucks+in+indianapolis/@40.0933878,-86.3872229,8z/data=!4m2!2m1!6e5?entry=ttu",2023-10-12T01:16:57.004Z,,,
https://www.google.com/maps/place/Pico+de+Gallo+Food+Truck/data=!4m7!3m6!1s0x886b565bd7262ae7:0x4ad7e76156a0fad5!8m2!3d39.8099204!4d-86.2212091!16s%2Fg%2F11bvt1sl43!19sChIJ5yom11tWa4gR1fqgVmHn10o,Pico de Gallo Food Truck,4.5,252,Taco restaurant,Â· Dine-in Â· Takeout Â· Delivery,"3014 Lafayette Rd #3000, Indianapolis, IN 46222, United States","RQ5H+XG Indianapolis, Indiana, USA",https://www.facebook.com/peregrino1982/,+1 317-658-6970,5 pm - 1 am,5 pm - 1 am,5 pm - 4 am,5 pm - 4 am,17:00,4:00,5 pm - 1 am,17:00,1:00,Closed,Closed,Open now,https://lh5.googleusercontent.com/p/AF1QipOxsrs6uleA7Y3wnng0i6vOoi4l_VIocpX2YvBy=w408-h306-k-no,TRUE,39.8099375,-86.2211875,"https://www.google.com/maps/search/food+trucks+in+indianapolis/@40.0933878,-86.3872229,8z/data=!4m2!2m1!6e5?entry=ttu",2023-10-12T01:14:46.826Z,,,
https://www.google.com/maps/place/FELIX+TACOS+TRUCK/data=!4m7!3m6!1s0x886b575f1c4f1a55:0xd1c8e6e8da43a801!8m2!3d39.764207!4d-86.211581!16s%2Fg%2F11r6fn5cny!19sChIJVRpPHF9Xa4gRAahD2ujmyNE,FELIX TACOS TRUCK,4.5,29,Taco restaurant,Â· Dine-in Â· Takeout Â· Delivery,"3145 W Washington St, Indianapolis, IN 46222, United States","QQ7Q+M9 Indianapolis, Indiana, USA",,+1 347-489-5554,5 pm - 12 am,5 pm - 12 am,5 pm - 2 am,5 pm - 2 am,17:00,2:00,5 pm - 12 am,17:00,0:00,5 p.m. - 12 a.m.,5 p.m. - 12 a.m.,Open now,https://lh5.googleusercontent.com/p/AF1QipOQ29lXYYwxBB2ak0e3de8advfk5cRBMzBjs2Wq=w408-h544-k-no,FALSE,39.7641875,-86.2115625,"https://www.google.com/maps/search/food+trucks+in+indianapolis/@40.0933878,-86.3872229,8z/data=!4m2!2m1!6e5?entry=ttu",2023-10-12T01:15:30.615Z,,,
https://www.google.com/maps/place/Birrieria+Iturbidense/data=!4m7!3m6!1s0x886ca7430220ca81:0xf8069a27cea6b195!8m2!3d39.7470463!4d-86.2701611!16s%2Fg%2F11q8tr9cf4!19sChIJgcogAkOnbIgRlbGmzieaBvg,Birrieria Iturbidense,4.7,86,Restaurant,Â· Dine-in Â· Curbside pickup Â· No-contact delivery,"Lot Food Truck, 6302 W Washington St, Indianapolis, IN 46241, United States","PPWH+RW Indianapolis, Indiana, USA",,+1 317-828-3558,6 pm - 12 am,6 pm - 12 am,6 pm - 1 am,6 pm - 1 am,18:00,1:00,6 - 11 pm,18:00,23:00,Closed,Closed,Open now,https://lh3.googleusercontent.com/gps-proxy/AFm_dcTebV1VWDgPfo993dvNsjVQoG8o4iw7lJyp3eBFJ-egdeR8Z6cl30iKkmq3tue1p7rAZmrzqk9vLg3zqK-5RL0WTDkPtbsexzJCQR6Wn_qH0L_DHlx61Cn_pWgJURFq3sJJPtvhfFVRzfRhlQehtW8S966LAwA6AHBCjing5V_JpmLXFB0kbifP=w426-h240-k-no,TRUE,39.7470625,-86.2701875,"https://www.google.com/maps/search/food+trucks+in+indianapolis/@40.0933878,-86.3872229,8z/data=!4m2!2m1!6e5?entry=ttu",2023-10-12T01:17:31.919Z,$$,,
https://www.google.com/maps/place/Tacos+y+tortas+arroyo/data=!4m7!3m6!1s0x886b591c7c3204e1:0x4e59b2658e23957c!8m2!3d39.7512443!4d-86.1975392!16s%2Fg%2F11srb4cxkz!19sChIJ4QQyfBxZa4gRfJUjjmWyWU4,Tacos y tortas arroyo,5,4,Taco restaurant,Â· Dine-in Â· Takeout,"2120 W Morris St, Indianapolis, IN 46221, United States","QR22+FX Indianapolis, Indiana, USA",http://ordertacosytortasarroyo.com/,+1 317-999-3333,6 - 11:40 pm,6 pm - 12 am,6 pm - 12 am,6 pm - 12 am,18:00,0:00,6 - 11 pm,18:00,23:00,Closed,6 - 11:40 p.m.,Open now,https://lh5.googleusercontent.com/p/AF1QipN7O-tjEM0b2tsD7sf6eoyt3Pn1xxfDtQfyUPeF=w408-h544-k-no,TRUE,39.7511875,-86.1975625,"https://www.google.com/maps/search/food+trucks+in+indianapolis/@40.0933878,-86.3872229,8z/data=!4m2!2m1!6e5?entry=ttu",2023-10-12T01:18:43.826Z,,,
https://www.google.com/maps/place/Quick+bite/data=!4m7!3m6!1s0x886ca938566662dd:0xe31f9445558e3f66!8m2!3d39.8239402!4d-86.2697451!16s%2Fg%2F11tdsv3dqg!19sChIJ3WJmVjipbIgRZj-OVUWUH-M,Quick bite,4.4,20,Fast food restaurant,Â· Dine-in Â· Curbside pickup Â· No-contact delivery,"3801 N High School Rd, Indianapolis, IN 46254, United States","RPFJ+H4 Indianapolis, Indiana, USA",,+1 574-440-3804,6 pm - 3 am,6 pm - 3 am,6 pm - 3 am,6 pm - 3 am,18:00,3:00,6 pm - 3 am,18:00,3:00,6 p.m. - 3 a.m.,6 p.m. - 3 a.m.,Open now,https://lh5.googleusercontent.com/p/AF1QipOKXrB6628qE6cVq79wi9-YG9EnTihfop_C1rQG=w408-h544-k-no,TRUE,39.8239375,-86.2696875,"https://www.google.com/maps/search/food+trucks+in+indianapolis/@40.0933878,-86.3872229,8z/data=!4m2!2m1!6e5?entry=ttu",2023-10-12T01:19:58.477Z,$,,
https://www.google.com/maps/place/The+Night+Owl+Food+Truck/data=!4m7!3m6!1s0x886b51210246a345:0xf594e1bb5267c232!8m2!3d39.7616862!4d-86.1579303!16s%2Fg%2F11stb8y8sh!19sChIJRaNGAiFRa4gRMsJnUrvhlPU,The Night Owl Food Truck,5,9,Restaurant,Â· Dine-in Â· Curbside pickup,"South and, S Meridian St, Indianapolis, IN 46225, United States","QR6R+MR Indianapolis, Indiana, USA",http://mercersnightowl.com/,+1 267-207-9828,Closed,8:30 pm - 2:30 am,8:30 pm - 3:30 am,8:30 pm - 3:30 am,20:30,3:30,6 pm - 1 am,18:00,1:00,Closed,Closed,Closed today,https://lh5.googleusercontent.com/p/AF1QipPQ1tqOhO4iB6lJXFNHYI9YpS5TUsjJBekxtkz5=w408-h306-k-no,TRUE,39.7616875,-86.1579375,"https://www.google.com/maps/search/food+trucks+in+indianapolis/@40.0933878,-86.3872229,8z/data=!4m2!2m1!6e5?entry=ttu",2023-10-12T01:16:13.909Z,,,
https://www.google.com/maps/place/Fast-Taco%27s/data=!4m7!3m6!1s0x886b5444b5dd5c7f:0x93a1241a3eb6c68d!8m2!3d39.8675098!4d-86.2019607!16s%2Fg%2F11ddxfd1tz!19sChIJf1zdtURUa4gRjca2PhokoZM,Fast-Taco's,4.4,191,Fast food restaurant,Â· Dine-in Â· Takeout Â· Delivery,"6154 Michigan Rd, Indianapolis, IN 46228, United States","VQ9X+26 Indianapolis, Indiana, USA",,+1 317-701-8182,7 pm - 1 am,7 pm - 1 am,7 pm - 1 am,7 pm - 3 am,19:00,3:00,7 pm - 12 am,19:00,0:00,7 p.m. - 1 a.m.,7 p.m. - 1 a.m.,Open now,https://lh5.googleusercontent.com/p/AF1QipPUQymYavAP4JM49uGBfpzVVeXjh1iore_Dpgtl=w408-h272-k-no,FALSE,39.8675625,-86.2019375,"https://www.google.com/maps/search/food+trucks+in+indianapolis/@40.0933878,-86.3872229,8z/data=!4m2!2m1!6e5?entry=ttu",2023-10-12T01:17:14.720Z,,,
https://www.google.com/maps/place/Funnel+Frenzy/data=!4m7!3m6!1s0x886b519fd002f2b7:0x74f12b29ac8fb090!8m2!3d39.8030298!4d-86.1219811!16s%2Fg%2F11nsb3gqhl!19sChIJt_IC0J9Ra4gRkLCPrCkr8XQ,Funnel Frenzy,4,0,Restaurant,Â· Dine-in Â· Curbside pickup Â· No-contact delivery,"2434 N Keystone Ave, Indianapolis, IN 46218, United States","RV3H+66 Indianapolis, Indiana, USA",,,9 am - 8 pm,9 am - 8 pm,9 am - 8 pm,9 am - 8 pm,9:00,20:00,9 am - 5 pm,9:00,17:00,Closed,Closed,Closed,https://lh5.googleusercontent.com/p/AF1QipN_SwDqxu9IxSpdKIrdQdQjFBDlG2yN2B5E3foI=w408-h463-k-no,TRUE,39.8030625,-86.1219375,"https://www.google.com/maps/search/food+trucks+in+indianapolis/@40.0933878,-86.3872229,8z/data=!4m2!2m1!6e5?entry=ttu",2023-10-12T01:18:25.761Z,,Identifies as veteran-owned,TRUE
https://www.google.com/maps/place/Juannita%27s+Mexican+Food+Truck/data=!4m7!3m6!1s0x886b4f0edbaba28d:0xe7b5adc2b4f2d599!8m2!3d39.7966114!4d-86.0464476!16s%2Fg%2F11jt8dn7gr!19sChIJjaKr2w5Pa4gRmdXytMKttec,Juannita's Mexican Food Truck,3,2,Taco restaurant,Â· Dine-in Â· Curbside pickup Â· No-contact delivery,"6996 East 21st St, Indianapolis, IN 46219, United States","QXW3+JC Indianapolis, Indiana, USA",http://juannitas.com/,+1 317-559-2677,,,,,#VALUE!,#VALUE!,,#VALUE!,#VALUE!,,,,https://lh5.googleusercontent.com/p/AF1Qipm3x5_Y6Ot7uRmDobLteLAKPzBod7j40F_ViEkm=w408-h272-k-no,TRUE,39.7965625,-86.0464375,"https://www.google.com/maps/search/food+trucks+in+indianapolis/@40.0933878,-86.3872229,8z/data=!4m2!2m1!6e5?entry=ttu",2023-10-12T01:17:19.361Z,,,
https://www.google.com/maps/place/Mr+%26+Mrs+Hot+Dog+Stand/data=!4m7!3m6!1s0x886b455b1cbc504d:0x7760e85e32fbb8e1!8m2!3d39.721511!4d-86.0863762!16s%2Fg%2F11jn41d_d5!19sChIJTVC8HFtFa4gR4bj7Ml7oYHc,Mr & Mrs Hot Dog Stand,3,3,Hot dog stand,Â· Drive-through Â· No-contact delivery,"403 Main St, Beech Grove, IN 46107, United States","PWC7+JC Beech Grove, Indiana, USA",http://mrandmrshotdogstand.com/,+1 317-506-0992,,,,,#VALUE!,#VALUE!,,#VALUE!,#VALUE!,,,,https://lh5.googleusercontent.com/p/AF1QipPdAxmViENq1kvy9vTnbGvuvnxIpNEVlHq0Hog0=w426-h240-k-no,TRUE,39.7215625,-86.0864375,"https://www.google.com/maps/search/food+trucks+in+indianapolis/@40.0933878,-86.3872229,8z/data=!4m2!2m1!6e5?entry=ttu",2023-10-12T01:19:17.998Z,$,,
https://www.google.com/maps/place/El+Venezolano+Food+Truck/data=!4m7!3m6!1s0x8814b3dd2c0eb583:0xdf8ff2f958b9791b!8m2!3d39.9278825!4d-86.0658242!16s%2Fg%2F11qq_qv0ps!19sChIJg7UOLN2zFIgRG3m5WPnyj98,El Venezolano Food Truck,3.7,3,Venezuelan restaurant,Â· Dine-in Â· Takeout Â· Delivery,"9642 Allisonville Rd Suite B, Indianapolis, IN 46250, United States","WWHM+5M Indianapolis, Indiana, USA",,+1 317-288-0844,,,,,#VALUE!,#VALUE!,,#VALUE!,#VALUE!,,,,https://lh5.googleusercontent.com/p/AF1QipPGTOcCPPBKzdhsD2fnS4B-zbskQ2FXaPte8Kw4=w408-h544-k-no,TRUE,39.9279375,-86.0658125,"https://www.google.com/maps/search/food+trucks+in+indianapolis/@40.0933878,-86.3872229,8z/data=!4m2!2m1!6e5?entry=ttu",2023-10-12T01:15:34.960Z,,LGBTQ+ friendly,
https://www.google.com/maps/place/Indy+Porkopolis+BBQ/data=!4m7!3m6!1s0x8814aac8c6ffeebf:0x67182c1be755cbfe!8m2!3d39.704057!4d-86.148415!16s%2Fg%2F11hd7dql1w!19sChIJv-7_xsiqFIgR_stV5xssGGc,Indy Porkopolis BBQ,3.9,301,Restaurant,Â· Dine-in Â· Curbside pickup Â· Delivery,"4225 S East St, Indianapolis, IN 46227, United States","PV32+JJ Indianapolis, Indiana, USA",http://www.indybbqcatering.com/,+1 317-903-7975,11 am - 7 pm,11 am - 8 pm,11 am - 8 pm,11 am - 8 pm,11:00,20:00,Closed,#VALUE!,#VALUE!,11 a.m. - 7 p.m.,11 a.m. - 7 p.m.,Closed,https://lh5.googleusercontent.com/p/AF1QipPDgDGucPHcntPG8mdl1w_s_3nliyLZeUILTLVu=w426-h240-k-no,TRUE,39.7040625,-86.1484375,"https://www.google.com/maps/search/food+trucks+in+indianapolis/@40.0933878,-86.3872229,8z/data=!4m2!2m1!6e5?entry=ttu",2023-10-12T01:19:08.866Z,$$,,
https://www.google.com/maps/place/La+marina+Maxican+Food+Truck/data=!4m7!3m6!1s0x886b5dbdb7f38cb9:0x4116dca938d34eb9!8m2!3d39.6631666!4d-86.1259341!16s%2Fg%2F11sh1wpb0s!19sChIJuYzzt71da4gRuU7TOKncFkE,La marina Maxican Food Truck,4,5,Mexican restaurant,Â· Dine-in Â· Takeout Â· Delivery,"7155 Madison Ave, Indianapolis, IN 46227, United States","MV7F+7J Indianapolis, Indiana, USA",,,,,,,#VALUE!,#VALUE!,,#VALUE!,#VALUE!,,,,https://streetviewpixels-pa.googleapis.com/v1/thumbnail?panoid=JQZG7pOMmcaH8EeefhS6eA&cb_client=search.gws-prod.gps&w=408&h=240&yaw=33.936256&pitch=0&thumbfov=100,FALSE,39.6631875,-86.1259375,"https://www.google.com/maps/search/food+trucks+in+indianapolis/@40.0933878,-86.3872229,8z/data=!4m2!2m1!6e5?entry=ttu",2023-10-12T01:15:17.010Z,,,
https://www.google.com/maps/place/Fiesta+on+The+Go/data=!4m7!3m6!1s0x886b51f991eb775b:0x9a27777900be57b8!8m2!3d39.8250745!4d-86.1177613!16s%2Fg%2F11jd86kjpd!19sChIJW3frkflRa4gRuFe-AHl3J5o,Fiesta on The Go,4,7,Restaurant,Â· Dine-in Â· Takeout Â· Delivery,"2719 E 38th St, Indianapolis, IN 46218, United States","RVGJ+2V Indianapolis, Indiana, USA",,,4 - 10 pm,4 - 10 pm,4 - 10 pm,4 - 10 pm,16:00,22:00,Closed,#VALUE!,#VALUE!,4 - 10 p.m.,4 - 10 p.m.,Closing soon,https://lh5.googleusercontent.com/p/AF1QipOES4sgamwkvfp82rbB24_642lYkOr7djVshwH3=w408-h408-k-no,FALSE,39.8250625,-86.1178125,"https://www.google.com/maps/search/food+trucks+in+indianapolis/@40.0933878,-86.3872229,8z/data=!4m2!2m1!6e5?entry=ttu",2023-10-12T01:16:00.789Z,$,,
https://www.google.com/maps/place/Da+Blue+Lagoon:+Jamaican+Kitchen/data=!4m7!3m6!1s0x886b4af7db937e35:0xf574c7c555aaeee9!8m2!3d39.869938!4d-85.958539!16s%2Fg%2F11ddzrvh9w!19sChIJNX6T2_dKa4gR6e6qVcXHdPU,Da Blue Lagoon: Jamaican Kitchen,4,405,Jamaican restaurant,Â· Dine-in Â· Takeout Â· No-contact delivery,"11705 Pendleton Pike, Indianapolis, IN 46236, United States","V29R+XH Indianapolis, Indiana, USA",http://www.dabluelagoon.com/,+1 317-855-3778,,,,,#VALUE!,#VALUE!,,#VALUE!,#VALUE!,,,,https://lh5.googleusercontent.com/p/AF1QipNoqDLWxYRRwMlDpaTbTckrcv_7TSpZe-6wcvCj=w408-h306-k-no,TRUE,39.8699375,-85.9585625,"https://www.google.com/maps/search/food+trucks+in+indianapolis/@40.0933878,-86.3872229,8z/data=!4m2!2m1!6e5?entry=ttu",2023-10-12T01:19:31.506Z,,LGBTQ+ friendly,TRUE
https://www.google.com/maps/place/The+Grub+House/data=!4m7!3m6!1s0x886b50e2ab609399:0xe5aaa36b0a4ee38c!8m2!3d39.7937191!4d-86.1445346!16s%2Fg%2F11b5pk3nyt!19sChIJmZNgq-JQa4gRjONOCmujquU,The Grub House,4.1,447,Breakfast restaurant,Â· Dine-in Â· Curbside pickup Â· No-contact delivery,"1953 N College Ave, Indianapolis, IN 46202, United States","QVV4+F5 Indianapolis, Indiana, USA",http://grubhouseindy.com/,+1 317-974-9089,8 am - 6 pm,8 am - 6 pm,8 am - 6 pm,8 am - 6 pm,8:00,18:00,Closed,#VALUE!,#VALUE!,Closed,Closed,Closed,https://lh5.googleusercontent.com/p/AF1QipOvEnNvw1ZI62Wk4yQ3smOndlIPXOHMOA3Yx6PL=w408-h363-k-no,TRUE,39.7936875,-86.1445625,"https://www.google.com/maps/search/food+trucks+in+indianapolis/@40.0933878,-86.3872229,8z/data=!4m2!2m1!6e5?entry=ttu",2023-10-12T01:17:40.976Z,$,,
https://www.google.com/maps/place/Super+Tacos/data=!4m7!3m6!1s0x886ca7c1a50835ab:0x6fa21b8d463f6027!8m2!3d39.7505398!4d-86.2569502!16s%2Fg%2F11t176xkq_!19sChIJqzUIpcGnbIgRJ2A_Ro0bom8,Super Tacos,4.1,15,Mexican restaurant,Â· Dine-in Â· Takeout,"5653 W Washington St, Indianapolis, IN 46241, United States","QP2V+66 Indianapolis, Indiana, USA",,+1 317-656-9922,5 - 9 pm,5 - 9 pm,5 - 9 pm,Closed,#VALUE!,#VALUE!,Closed,#VALUE!,#VALUE!,5 - 9 p.m.,5 - 9 p.m.,Closed,https://lh5.googleusercontent.com/p/AF1QipPgm8zLjucR8dOK8xl23Qbros3eHkheBIN4gC_O=w408-h306-k-no,TRUE,39.7505625,-86.2569375,"https://www.google.com/maps/search/food+trucks+in+indianapolis/@40.0933878,-86.3872229,8z/data=!4m2!2m1!6e5?entry=ttu",2023-10-12T01:18:16.251Z,,,
https://www.google.com/maps/place/Tacos+Without+Borders/data=!4m7!3m6!1s0x886b513835a43df9:0x5caab7705970c7b4!8m2!3d39.836564!4d-86.1515634!16s%2Fg%2F11q1qp05lb!19sChIJ-T2kNThRa4gRtMdwWXC3qlw,Tacos Without Borders,4.2,5,Mobile caterer,,,,,+1 219-508-7956,,,,,#VALUE!,#VALUE!,,#VALUE!,#VALUE!,,,,https://lh5.googleusercontent.com/p/AF1QipOczdeiqixAYp9VJraXryjQoQWGEbCHIW9L5yOq=w408-h306-k-no,TRUE,,,"https://www.google.com/maps/search/food+trucks+in+indianapolis/@40.0933878,-86.3872229,8z/data=!4m2!2m1!6e5?entry=ttu",2023-10-12T01:15:42.503Z,,LGBTQ+ friendly,
https://www.google.com/maps/place/Byrne%27s+Grilled+Pizza/data=!4m7!3m6!1s0x886b53c1e9a2e269:0x67c589884e0128cc!8m2!3d39.8545589!4d-86.1592491!16s%2Fg%2F11b6cn5gb1!19sChIJaeKi6cFTa4gRzCgBToiJxWc,Byrne's Grilled Pizza,4.3,331,Pizza restaurant,Â· Dine-in Â· Curbside pickup Â· Delivery,"5615 N Illinois St, Indianapolis, IN 46208, United States","VR3R+R8 Indianapolis, Indiana, USA",https://byrnespizza.com/,+1 317-737-2056,,,,,#VALUE!,#VALUE!,,#VALUE!,#VALUE!,,,,https://lh5.googleusercontent.com/p/AF1QipmMRGmfAjiRrLpvlNWbUjRu0-V6yaeJAVoEs69u=w408-h240-k-no-pi-20-ya334.57913-ro-0-fo100,TRUE,39.8545625,-86.1591875,"https://www.google.com/maps/search/food+trucks+in+indianapolis/@40.0933878,-86.3872229,8z/data=!4m2!2m1!6e5?entry=ttu",2023-10-12T01:19:00.090Z,$$,LGBTQ+ friendly,
https://www.google.com/maps/place/TACOPOLIS+%28LA+CAPITAL+DEL+TACO%29/data=!4m7!3m6!1s0x886b57c1908ac7b5:0xca161f855a86f109!8m2!3d39.8237417!4d-86.2422862!16s%2Fg%2F11sgkvp4x_!19sChIJtceKkMFXa4gRCfGGWoUfFso,TACOPOLIS (LA CAPITAL DEL TACO),4.4,66,Taco restaurant,Â· Takeout Â· Delivery,"4857 W 38th St, Indianapolis, IN 46254, United States","RQF5+F3 Indianapolis, Indiana, USA",https://www.instagram.com/tacopolisin/?hl=en,+1 317-488-8724,3 - 11:30 pm,3 - 11:30 pm,2:30 pm - 12 am,2:30 pm - 12:30 am,14:30,0:30,Closed,#VALUE!,#VALUE!,Closed,3 - 11:30 p.m.,Open now,https://lh5.googleusercontent.com/p/AF1QipPVMAzCzNepPbDSjcfmpCdRXqfMLWvESsKnonDb=w408-h306-k-no,TRUE,39.8236875,-86.2423125,"https://www.google.com/maps/search/food+trucks+in+indianapolis/@40.0933878,-86.3872229,8z/data=!4m2!2m1!6e5?entry=ttu",2023-10-12T01:15:39.339Z,,LGBTQ+ friendly,
https://www.google.com/maps/place/T%27Days+Jerk/data=!4m7!3m6!1s0x66f4badc548b0889:0x7e1f1aa7520ab782!8m2!3d39.7226507!4d-86.1574742!16s%2Fg%2F11q4c42tsk!19sChIJiQiLVNy69GYRgrcKUqcaH34,T'Days Jerk,4.4,12,Mobile caterer,,"36 E Troy Ave, Indianapolis, IN 46225, United States","PRFV+32 Indianapolis, Indiana, USA",http://tdaysjerk.com/,+1 317-991-6741,,,,,#VALUE!,#VALUE!,,#VALUE!,#VALUE!,,,,https://lh5.googleusercontent.com/p/AF1QipNarI6FF_v6EXhTE_qZ2E6Axxt8HvaVK9t7fXpG=w408-h271-k-no,TRUE,39.7226875,-86.1574375,"https://www.google.com/maps/search/food+trucks+in+indianapolis/@40.0933878,-86.3872229,8z/data=!4m2!2m1!6e5?entry=ttu",2023-10-12T01:17:53.725Z,$,,TRUE
https://www.google.com/maps/place/Indy%27s+Kitchen/data=!4m7!3m6!1s0x886b511a284bd35d:0x9e88f71b3c37f5fd!8m2!3d39.8026631!4d-86.1499074!16s%2Fg%2F1thqblqg!19sChIJXdNLKBpRa4gR_fU3PBv3iJ4,Indy's Kitchen,4.4,34,Restaurant,Â· Dine-in Â· Takeout Â· Delivery,"2442 Central Ave, Indianapolis, IN 46205, United States","RV32+32 Indianapolis, Indiana, USA",http://www.indyskitchen.com/,+1 317-426-2996,Open 24 hours,Open 24 hours,Open 24 hours,Open 24 hours,#VALUE!,#VALUE!,Open 24 hours,#VALUE!,#VALUE!,Open 24 hours,Open 24 hours,Open now,https://lh5.googleusercontent.com/p/AF1QipOmKLRRXeg78hYsjNV5QLKpfBoWeo3ReNLSNZ9o=w426-h240-k-no,TRUE,39.8026875,-86.1499375,"https://www.google.com/maps/search/food+trucks+in+indianapolis/@40.0933878,-86.3872229,8z/data=!4m2!2m1!6e5?entry=ttu",2023-10-12T01:20:06.889Z,$,,
https://www.google.com/maps/place/J+%26+J+A+Taste+Of+Home+Catering/data=!4m7!3m6!1s0x886b51c13dfc138d:0x1c2798d9ce7d8816!8m2!3d39.8096141!4d-86.1106197!16s%2Fg%2F11c5r0tmfr!19sChIJjRP8PcFRa4gRFoh9ztmYJxw,J & J A Taste Of Home Catering,4.4,5,Caterer,,"2933 Lasalle St, Indianapolis, IN 46218, United States","RV5Q+RQ Indianapolis, Indiana, USA",,+1 317-459-0916,9 am - 6 pm,9 am - 6 pm,9 am - 6 pm,11 am - 3 pm,11:00,15:00,Closed,#VALUE!,#VALUE!,9 a.m. - 6 p.m.,9 a.m. - 6 p.m.,Closed,https://streetviewpixels-pa.googleapis.com/v1/thumbnail?panoid=9bdNcaKVtH9rMvdW2PHmXw&cb_client=search.gws-prod.gps&w=408&h=240&yaw=86.30266&pitch=0&thumbfov=100,FALSE,39.8095625,-86.1105625,"https://www.google.com/maps/search/food+trucks+in+indianapolis/@40.0933878,-86.3872229,8z/data=!4m2!2m1!6e5?entry=ttu",2023-10-12T01:20:20.553Z,,,
https://www.google.com/maps/place/BB%26B+Bread+Truck/data=!4m7!3m6!1s0x886b51cf5c8eca89:0xe5741e58f6adbb51!8m2!3d39.8092199!4d-86.1582507!16s%2Fg%2F11p3k5y8h1!19sChIJicqOXM9Ra4gRUbut9lgedOU,BB&B Bread Truck,4.4,28,Bakery,Â· Takeout Â· Delivery,"2960 N Meridian St, Indianapolis, IN 46208, United States","RR5R+MM Indianapolis, Indiana, USA",http://www.booksbourbonbacon.com/bread,+1 317-730-4778,,,,,#VALUE!,#VALUE!,,#VALUE!,#VALUE!,,,,https://lh5.googleusercontent.com/p/AF1QipOCVz_MEwtnb8amiamwq76fcBUs92oVdHoDZKvB=w408-h544-k-no,TRUE,39.8091875,-86.1583125,"https://www.google.com/maps/search/food+trucks+in+indianapolis/@40.0933878,-86.3872229,8z/data=!4m2!2m1!6e5?entry=ttu",2023-10-12T01:20:24.972Z,,,
https://www.google.com/maps/place/Mi+Lindo+P%C3%A9njamo+-+Food+Truck/data=!4m7!3m6!1s0x886b55496ec7ff1b:0x9be6d94cb4a52062!8m2!3d39.8975427!4d-86.2164525!16s%2Fg%2F11hmc4c27t!19sChIJG__HbklVa4gRYiCltEzZ5ps,Mi Lindo PÃ©njamo - Food Truck,4.5,26,Taco restaurant,Â· Dine-in Â· Takeout,"7910 Michigan Rd, Indianapolis, IN 46268, United States","VQXM+2C Indianapolis, Indiana, USA",https://store.kahero.co/milindopenjamo,+1 317-431-4439,7:30 pm - 12 am,7:30 pm - 12 am,7:30 pm - 12 am,Closed,#VALUE!,#VALUE!,Closed,#VALUE!,#VALUE!,Closed,7:30 p.m. - 12 a.m.,Open now,https://lh5.googleusercontent.com/p/AF1Qipm3amhiWt-l0_3BCk3VhjYpuJhGc8QJdZSNMHL1=w408-h544-k-no,TRUE,39.8975625,-86.2164375,"https://www.google.com/maps/search/food+trucks+in+indianapolis/@40.0933878,-86.3872229,8z/data=!4m2!2m1!6e5?entry=ttu",2023-10-12T01:14:55.257Z,,,
https://www.google.com/maps/place/Tortas+Guicho+Food+Truck/data=!4m7!3m6!1s0x886b509c9f454eed:0xe285dd073731d216!8m2!3d39.7615107!4d-86.1490233!16s%2Fg%2F1tm0ck4d!19sChIJ7U5Fn5xQa4gRFtIxNwfdheI,Tortas Guicho Food Truck,4.5,330,Mexican restaurant,"Funky Mexican food truck turning out an eclectic menu of tortas, tacos & tamales. Â· Dine-in Â· Takeout Â· Delivery","S. East St and, Fletcher Ave, Indianapolis, IN 46204, United States","QV62+J9 Indianapolis, Indiana, USA",,+1 317-646-2502,8 am - 2 pm,8 am - 2 pm,8 am - 2 pm,Closed,#VALUE!,#VALUE!,Closed,#VALUE!,#VALUE!,8 a.m. - 2 p.m.,8 a.m. - 2 p.m.,Closed,https://lh5.googleusercontent.com/p/AF1QipN94BxHfPTpngdQU65_GsvUT0uUF6BO8m4NnQ46=w408-h408-k-no,TRUE,39.7615625,-86.1490625,"https://www.google.com/maps/search/food+trucks+in+indianapolis/@40.0933878,-86.3872229,8z/data=!4m2!2m1!6e5?entry=ttu",2023-10-12T01:15:52.415Z,$,,
https://www.google.com/maps/place/Taste+of+Manila+Food+Truck/data=!4m7!3m6!1s0x26947999813acb55:0xea8ffa5d729dab73!8m2!3d39.76652!4d-86.4412135!16s%2Fg%2F11rtdcpkmx!19sChIJVcs6gZl5lCYRc6udcl36j-o,Taste of Manila Food Truck,4.5,16,Mobile caterer,,,,https://www.facebook.com/TasteofManila,+1 317-629-5616,,,,,#VALUE!,#VALUE!,,#VALUE!,#VALUE!,,,,https://lh5.googleusercontent.com/p/AF1Qipm5j8a_srtKe6fXyIo8sUTb6CtuMaod_Y6rG2J5=w408-h408-k-no,TRUE,,,"https://www.google.com/maps/search/food+trucks+in+indianapolis/@40.0933878,-86.3872229,8z/data=!4m2!2m1!6e5?entry=ttu",2023-10-12T01:16:16.860Z,,,
https://www.google.com/maps/place/Restaurante+Oaxaca/data=!4m7!3m6!1s0x886b576eea8f7777:0x223d96a249158ed0!8m2!3d39.8236215!4d-86.2466267!16s%2Fg%2F11h_12zj5k!19sChIJd3eP6m5Xa4gR0I4VSaKWPSI,Restaurante Oaxaca,4.5,142,Mexican restaurant,Â· Dine-in Â· Drive-through Â· Delivery,"5101 W 38th St, Indianapolis, IN 46224, United States","RQF3+C8 Indianapolis, Indiana, USA",,+1 317-490-2429,6 pm - 2 am,6 pm - 2 am,4 pm - 4 am,4 pm - 4 am,16:00,4:00,Closed,#VALUE!,#VALUE!,6 p.m. - 2 a.m.,6 p.m. - 2 a.m.,Open now,https://lh5.googleusercontent.com/p/AF1QipO01PKI8tDJUOA5ugMK2OxfbhcgkzGNSAu18fRQ=w408-h544-k-no,TRUE,39.8235625,-86.2466875,"https://www.google.com/maps/search/food+trucks+in+indianapolis/@40.0933878,-86.3872229,8z/data=!4m2!2m1!6e5?entry=ttu",2023-10-12T01:16:47.753Z,,,
https://www.google.com/maps/place/Dogs+to+Go+by+Uncle+Zo/data=!4m7!3m6!1s0x886b5731850888d9:0xb939a2bf075f5fe8!8m2!3d39.7805216!4d-86.2160182!16s%2Fg%2F11hm3bwsbv!19sChIJ2YgIhTFXa4gR6F9fB7-iObk,Dogs to Go by Uncle Zo,4.5,4,Restaurant,Â· Takeout Â· Delivery,"3376 W 10th St and, N Tibbs Ave, Indianapolis, IN 46222, United States","QQJM+6H Indianapolis, Indiana, USA",https://www.facebook.com/pages/category/Hot-Dog-Joint/Dogs-to-go-by-uncle-zo-891773400966722/,+1 317-363-2456,10 am - 5 pm,10 am - 5 pm,10 am - 5 pm,10 am - 5 pm,10:00,17:00,Closed,#VALUE!,#VALUE!,Closed,10 a.m. - 5 p.m.,Closed,https://lh5.googleusercontent.com/p/AF1QipPitrV6PccTwYECvNBi2w8WzzIsRwMAOTGWh6i2=w408-h816-k-no,TRUE,39.7805625,-86.2160625,"https://www.google.com/maps/search/food+trucks+in+indianapolis/@40.0933878,-86.3872229,8z/data=!4m2!2m1!6e5?entry=ttu",2023-10-12T01:17:49.630Z,,,
https://www.google.com/maps/place/SPANGLISH+FACTORY+Peruvian+%26+Puertorican+fusion/data=!4m7!3m6!1s0x886b4b477f08ad25:0xadcded1bb70048a!8m2!3d39.8496835!4d-85.9983032!16s%2Fg%2F11n5b3dwjc!19sChIJJa0If0dLa4gRigRwu9He3Ao,SPANGLISH FACTORY Peruvian & Puertorican fusion,4.5,22,Restaurant,Â· Dine-in Â· Curbside pickup Â· Delivery,"9605 Pendleton Pike, Indianapolis, IN 46236, United States","R2X2+VM Indianapolis, Indiana, USA",https://spanglish-factory.square.site/,+1 317-400-4577,Closed,Closed,4 - 9 pm,3 - 9 pm,3 ,21:00,Closed,#VALUE!,#VALUE!,Closed,Closed,Closed today,https://lh5.googleusercontent.com/p/AF1QipPKV7S1VHc3vZmfWxSBRRV3qPjor9mcNlIRbI0N=w408-h272-k-no,TRUE,39.8496875,-85.9983125,"https://www.google.com/maps/search/food+trucks+in+indianapolis/@40.0933878,-86.3872229,8z/data=!4m2!2m1!6e5?entry=ttu",2023-10-12T01:17:58.096Z,$$,,
https://www.google.com/maps/place/The+Coney+Lady/data=!4m7!3m6!1s0x886b5bf63411d33b:0x101091ab961442d4!8m2!3d39.8276386!4d-85.9893063!16s%2Fg%2F11px1rhg5m!19sChIJO9MRNPZba4gR1EIUlquREBA,The Coney Lady,4.5,15,Mobile caterer,,"3827 N Mitthoefer Rd B13, Indianapolis, IN 46235, United States","R2H6+37 Indianapolis, Indiana, USA",,+1 317-723-2048,,,,,#VALUE!,#VALUE!,,#VALUE!,#VALUE!,,,,https://lh5.googleusercontent.com/p/AF1QipNZAn51JGfGdBZr4rB9MMDhvOmtm21fIXleXO7V=w408-h544-k-no,FALSE,39.8276875,-85.9893125,"https://www.google.com/maps/search/food+trucks+in+indianapolis/@40.0933878,-86.3872229,8z/data=!4m2!2m1!6e5?entry=ttu",2023-10-12T01:19:53.576Z,$,Identifies as women-owned,TRUE
https://www.google.com/maps/place/Super+Tacos+food+truck/data=!4m7!3m6!1s0x886b4f95bd8d5203:0xb13bcdcae0987cd!8m2!3d39.7725451!4d-86.04035!16s%2Fg%2F11k3vs2x4q!19sChIJA1KNvZVPa4gRzYcJrty8Ews,Super Tacos food truck,4.6,17,Taco restaurant,Â· Dine-in Â· Takeout,"7202 E Washington St, Indianapolis, IN 46219, United States","QXF5+2V Indianapolis, Indiana, USA",,+1 317-490-2417,,,,,#VALUE!,#VALUE!,,#VALUE!,#VALUE!,,,,https://streetviewpixels-pa.googleapis.com/v1/thumbnail?panoid=Oku5qlLJCEQM7jBsr17mlg&cb_client=search.gws-prod.gps&w=408&h=240&yaw=14.059893&pitch=0&thumbfov=100,FALSE,39.7725625,-86.0403125,"https://www.google.com/maps/search/food+trucks+in+indianapolis/@40.0933878,-86.3872229,8z/data=!4m2!2m1!6e5?entry=ttu",2023-10-12T01:14:59.706Z,,,
https://www.google.com/maps/place/Chomp%27z+Truck/data=!4m7!3m6!1s0x886b5da4cc648737:0x45b3ee4795dfa720!8m2!3d46.423669!4d-129.9427086!16s%2Fg%2F11fll6bm2q!19sChIJN4dkzKRda4gRIKfflUfus0U,Chomp'z Truck,4.6,11,Mobile caterer,,,,http://www.chompztruck16.com/,+1 317-794-4699,,,,,#VALUE!,#VALUE!,,#VALUE!,#VALUE!,,,,https://lh5.googleusercontent.com/p/AF1QipO4pyVRuYtt0uTcIdW-NSKwZxj6usMWmvagMhz4=w426-h240-k-no,TRUE,,,"https://www.google.com/maps/search/food+trucks+in+indianapolis/@40.0933878,-86.3872229,8z/data=!4m2!2m1!6e5?entry=ttu",2023-10-12T01:18:51.572Z,,,
https://www.google.com/maps/place/Emergency+Taco+Truck/data=!4m7!3m6!1s0x886b4f1ac4a5fc79:0x53172de4c2587761!8m2!3d39.827233!4d-86.04525!16s%2Fg%2F11g4jdbgkm!19sChIJefylxBpPa4gRYXdYwuQtF1M,Emergency Taco Truck,4.7,104,Mexican restaurant,Â· Curbside pickup Â· No-contact delivery,"7001 Pendleton Pike, Indianapolis, IN 46226, United States","RXG3+VW Indianapolis, Indiana, USA",,+1 317-287-9852,3 - 10 pm,3 - 10 pm,3 pm - 12 am,3 pm - 12 am,15:00,0:00,Closed,#VALUE!,#VALUE!,Closed,3 - 10 p.m.,Closing soon,https://lh5.googleusercontent.com/p/AF1QipmHEEmtOESi4ttgpKD5b0ftpmPE1X6FBHjJ_10g=w408-h544-k-no,TRUE,39.8271875,-86.0451875,"https://www.google.com/maps/search/food+trucks+in+indianapolis/@40.0933878,-86.3872229,8z/data=!4m2!2m1!6e5?entry=ttu",2023-10-12T01:15:08.663Z,,,
https://www.google.com/maps/place/My+Taco+Stop/data=!4m7!3m6!1s0x886b49bd7e5648bd:0xacceb27421b1ff5c!8m2!3d39.7977337!4d-85.9901445!16s%2Fg%2F11spxwzkgh!19sChIJvUhWfr1Ja4gRXP-xIXSyzqw,My Taco Stop,4.7,19,Taco restaurant,Â· Dine-in Â· Drive-through Â· Delivery,"2131 N Mitthoefer Rd, Indianapolis, IN 46229, United States","Q2X5+3W Indianapolis, Indiana, USA",https://order.online/store/my-taco-stop-indianapolis-2549288/?hideModal=true&pickup=true,+1 463-266-0391,3 - 9 pm,3 - 9 pm,3 - 9 pm,3 - 9 pm,3 ,21:00,Closed,#VALUE!,#VALUE!,Closed,3 - 9 p.m.,Closed,https://lh5.googleusercontent.com/p/AF1QipmfeCicd9ZbVrhTc-Z0HmuN7Q7xvfPySVJRUVUV=w408-h306-k-no,TRUE,39.7976875,-85.9901875,"https://www.google.com/maps/search/food+trucks+in+indianapolis/@40.0933878,-86.3872229,8z/data=!4m2!2m1!6e5?entry=ttu",2023-10-12T01:18:20.779Z,$,,
https://www.google.com/maps/place/Tacos+Maela/data=!4m7!3m6!1s0x886b4f92e9ab2091:0xcf086c5d46709c5d!8m2!3d39.8195641!4d-86.0468822!16s%2Fg%2F11qrkgf1k1!19sChIJkSCr6ZJPa4gRXZxwRl1sCM8,Tacos Maela,4.7,27,Restaurant,Â· Dine-in Â· Takeout,"3440 Shadeland Ave, Indianapolis, IN 46226, United States","RX93+R6 Indianapolis, Indiana, USA",https://g.page/tacos-maela,+1 317-500-5361,11 am - 8:30 pm,11 am - 8:30 pm,11 am - 8:30 pm,11 am - 8:30 pm,11:00,20:30,Closed,#VALUE!,#VALUE!,Closed,11 a.m. - 8:30 p.m.,Closed,https://lh5.googleusercontent.com/p/AF1QipPyX150hVy3OzwLvWOZHZqRYSP5uo2KK0Vg1tPH=w408-h306-k-no,TRUE,39.8195625,-86.0469375,"https://www.google.com/maps/search/food+trucks+in+indianapolis/@40.0933878,-86.3872229,8z/data=!4m2!2m1!6e5?entry=ttu",2023-10-12T01:19:04.176Z,,,
https://www.google.com/maps/place/T+Street+Eatz/data=!4m7!3m6!1s0x886b51a3d6bb5e15:0x6c9ebda10215800c!8m2!3d39.7686835!4d-86.153515!16s%2Fg%2F11qq392yvd!19sChIJFV671qNRa4gRDIAVAqG9nmw,T Street Eatz,4.7,34,Restaurant,Â· Dine-in Â· Curbside pickup Â· No-contact delivery,"City Market, 222 E Market St, Indianapolis, IN 46204, United States","QR9W+FH Indianapolis, Indiana, USA",http://www.tstreeteatzindy.com/,+1 317-800-4436,11:30 am - 8 pm,11:30 am - 4 pm,11:30 am - 4 pm,11:30 am - 4 pm,11:30,16:00,Closed,#VALUE!,#VALUE!,11:30 a.m. - 4 p.m.,11:30 a.m. - 4 p.m.,Closed,https://lh5.googleusercontent.com/p/AF1QipOQU_fUSMCjzia78JfFdqa7sJraeVg3-JVy_xbm=w513-h240-k-no,TRUE,39.7686875,-86.1535625,"https://www.google.com/maps/search/food+trucks+in+indianapolis/@40.0933878,-86.3872229,8z/data=!4m2!2m1!6e5?entry=ttu",2023-10-12T01:19:45.002Z,$,LGBTQ+ friendly,TRUE
https://www.google.com/maps/place/Tacos+Tierra+caliente+Restaurant/data=!4m7!3m6!1s0x886b59078f871e77:0x30bf4af27413e4e3!8m2!3d39.7543808!4d-86.2445342!16s%2Fg%2F11n671fjj8!19sChIJdx6HjwdZa4gR4-QTdPJKvzA,Tacos Tierra caliente Restaurant,4.8,118,Mexican restaurant,Â· Dine-in Â· Takeout,"5035 W Washington St, Indianapolis, IN 46241, United States","QQ34+Q5 Indianapolis, Indiana, USA",http://tacostierracaliente.com/?utm_source=gmb&utm_medium=referral,+1 317-515-8493,11 am - 12 am,11 am - 12 am,11 am - 12:59 am,11 am - 12:59 am,11:00,0:59,Closed,#VALUE!,#VALUE!,11 a.m. - 12 a.m.,11 a.m. - 11 p.m.,Open now,https://lh5.googleusercontent.com/p/AF1QipNnC92jNR2fKfrSnwAWOt_-gG1lWzpmi2lcQS87=w441-h240-k-no,TRUE,39.7544375,-86.2445625,"https://www.google.com/maps/search/food+trucks+in+indianapolis/@40.0933878,-86.3872229,8z/data=!4m2!2m1!6e5?entry=ttu",2023-10-12T01:17:05.397Z,,Identifies as women-owned,
https://www.google.com/maps/place/Chris%27+Ice+Cream+and+Mexican+Food/data=!4m7!3m6!1s0x886b532a251b5fc9:0x97d5f3b407158632!8m2!3d39.9139011!4d-86.1344298!16s%2Fg%2F1tfh5dd2!19sChIJyV8bJSpTa4gRMoYVB7Tz1Zc,Chris' Ice Cream and Mexican Food,4.8,680,Restaurant,Casual menu focused on Mexican comfort food & an array of ice cream flavors in a relaxed space. Â· Dine-in Â· Curbside pickup Â· No-contact delivery,"1484 E 86th St, Indianapolis, IN 46240, United States","WV78+H6 Indianapolis, Indiana, USA",http://www.chrisicecreamindy.com/,+1 317-255-2156,10 am - 8 pm,10 am - 8 pm,10 am - 8 pm,10 am - 8 pm,10:00,20:00,Closed,#VALUE!,#VALUE!,10 a.m. - 8 p.m.,10 a.m. - 8 p.m.,Closed,https://lh5.googleusercontent.com/p/AF1QipPynboANWtGZduOaTr5HwBzyTzMS-AP50fs2JJO=w408-h306-k-no,TRUE,39.9139375,-86.1344375,"https://www.google.com/maps/search/food+trucks+in+indianapolis/@40.0933878,-86.3872229,8z/data=!4m2!2m1!6e5?entry=ttu",2023-10-12T01:19:22.569Z,$,,
https://www.google.com/maps/place/Gulas+food+truck/data=!4m7!3m6!1s0x886b513e4eca9f7d:0x864d252a68b2543f!8m2!3d39.7696884!4d-86.0983608!16s%2Fg%2F11ll209tzz!19sChIJfZ_KTj5Ra4gRP1SyaColTYY,Gulas food truck,4.8,13,Venezuelan restaurant,,"4002 E Washington St, Indianapolis, IN 46201, United States","QW92+VM Indianapolis, Indiana, USA",,+1 317-800-2262,,,,,#VALUE!,#VALUE!,,#VALUE!,#VALUE!,,,Temporarily closed,https://lh5.googleusercontent.com/p/AF1QipOysUJc17m6_kdBEWzEfze6NgkMBsMP5jEhY0P3=w408-h544-k-no,TRUE,39.7696875,-86.0983125,"https://www.google.com/maps/search/food+trucks+in+indianapolis/@40.0933878,-86.3872229,8z/data=!4m2!2m1!6e5?entry=ttu",2023-10-12T01:20:36.211Z,,,
https://www.google.com/maps/place/TAQUERIA+EL+CIELO/data=!4m7!3m6!1s0x886b5524dc77c06d:0xf4e1b415b4ffbf06!8m2!3d39.8625313!4d-86.1982376!16s%2Fg%2F11rd_8ygfm!19sChIJbcB33CRVa4gRBr__tBW04fQ,TAQUERIA EL CIELO,4.8,9,Fast food restaurant,,"6003 Michigan Rd, Indianapolis, IN 46228, United States","VR72+2P Indianapolis, Indiana, USA",,+1 317-832-8600,6:30 - 10 pm,6:30 - 10 pm,6:30 pm - 12 am,6:30 pm - 12 am,18:30,0:00,Closed,#VALUE!,#VALUE!,Closed,Closed,Temporarily closed,https://lh5.googleusercontent.com/p/AF1QipPeVBvl2Jt-UJaSXAorcsIdBA4XsIbV-KKqZz7R=w408-h491-k-no,TRUE,39.8625625,-86.1981875,"https://www.google.com/maps/search/food+trucks+in+indianapolis/@40.0933878,-86.3872229,8z/data=!4m2!2m1!6e5?entry=ttu",2023-10-12T01:20:49.266Z,,Identifies as Latino-owned,
https://www.google.com/maps/place/ClusterTruck+-+Castleton/data=!4m7!3m6!1s0x886b4df22ce4831b:0x71c6613cd987d4a0!8m2!3d39.9047946!4d-86.0896317!16s%2Fg%2F11q1phvzr6!19sChIJG4PkLPJNa4gRoNSH2TxhxnE,ClusterTruck - Castleton,4.9,144,Delivery Restaurant,Â· Takeout Â· Delivery,"4737 E 82nd St, Indianapolis, IN 46250, United States","WW36+W4 Indianapolis, Indiana, USA",http://clustertruck.com/,,11 am - 9 pm,11 am - 9 pm,11 am - 9 pm,3 - 9 pm,3 ,21:00,Closed,#VALUE!,#VALUE!,11 a.m. - 9 p.m.,11 a.m. - 9 p.m.,Closed,https://lh5.googleusercontent.com/p/AF1QipPHuIcNhtdSHFW_m6wG1a_9fKof0OsA9ySr3CDQ=w408-h306-k-no,TRUE,39.9048125,-86.0896875,"https://www.google.com/maps/search/food+trucks+in+indianapolis/@40.0933878,-86.3872229,8z/data=!4m2!2m1!6e5?entry=ttu",2023-10-12T01:17:10.107Z,,,
https://www.google.com/maps/place/big+Jerry+Indy+food+truck/data=!4m7!3m6!1s0x886b5d3902d296ad:0xfc851468b71f7fcd!8m2!3d39.6427553!4d-86.1201799!16s%2Fg%2F11fhzcpjnw!19sChIJrZbSAjlda4gRzX8ft2gUhfw,big Jerry Indy food truck,5,1,american restaurant,Â· Drive-through Â· No-contact delivery,"8522 Madison Ave, Indianapolis, IN 46227, United States","JVVH+4W Indianapolis, Indiana, USA",,+1 317-331-9921,11 am - 7 am,10:30 am - 7:30 pm,10:30 am - 7 pm,11 am - 8:30 pm,11:00,20:30,Closed,#VALUE!,#VALUE!,11 a.m. - 7 p.m.,11 a.m. - 7:30 p.m.,Open now,https://lh5.googleusercontent.com/p/AF1QipN6TbYFkyB19V-q8GYwQihm9rZjfSQGm67z45al=w408-h283-k-no,TRUE,39.6428125,-86.1201875,"https://www.google.com/maps/search/food+trucks+in+indianapolis/@40.0933878,-86.3872229,8z/data=!4m2!2m1!6e5?entry=ttu",2023-10-12T01:14:40.317Z,,,
https://www.google.com/maps/place/Wild+Boar+BBQ+Food+Truck/data=!4m7!3m6!1s0x8814b3b838da90b3:0xe375db3651fdb54a!8m2!3d39.7711329!4d-86.0603883!16s%2Fg%2F11f7kjgtgl!19sChIJs5DaOLizFIgRSrX9UTbbdeM,Wild Boar BBQ Food Truck,5,2,Mobile caterer,,"6129 E Washington St, Indianapolis, IN 46219, United States","QWCQ+FR Indianapolis, Indiana, USA",http://wildboarbbq.com/,+1 317-695-8241,,,,,#VALUE!,#VALUE!,,#VALUE!,#VALUE!,,,,https://lh5.googleusercontent.com/p/AF1QipOZGGnRLdyudj0eELQbuARMvUlqVV9U5NOyHYmI=w424-h240-k-no,TRUE,39.7711875,-86.0604375,"https://www.google.com/maps/search/food+trucks+in+indianapolis/@40.0933878,-86.3872229,8z/data=!4m2!2m1!6e5?entry=ttu",2023-10-12T01:15:56.587Z,,LGBTQ+ friendly,
https://www.google.com/maps/place/The+Latin+Flavor/data=!4m7!3m6!1s0x886b4958e4809353:0x444075fbdb9d7bc!8m2!3d39.8269282!4d-85.9923358!16s%2Fg%2F11q1rx8ys4!19sChIJU5OA5FhJa4gRvNe5vV8HRAQ,The Latin Flavor,5,7,Restaurant,Â· Dine-in Â· Curbside pickup Â· Delivery,"9930 E 38th St, Indianapolis, IN 46235, United States","R2G5+Q3 Indianapolis, Indiana, USA",https://www.facebook.com/thelatinflavorfoodtruck/,+1 317-895-9259,12 - 10 pm,12 - 10 pm,12 - 11 pm,12 - 11 pm,12 ,23:00,Closed,#VALUE!,#VALUE!,12 - 10 p.m.,12 - 10 p.m.,Closing soon,https://lh5.googleusercontent.com/p/AF1QipOsnxVBwVGDjjdebU6H0uAUuUEjoGBCw7LJqt-e=w408-h351-k-no,TRUE,39.8269375,-85.9923125,"https://www.google.com/maps/search/food+trucks+in+indianapolis/@40.0933878,-86.3872229,8z/data=!4m2!2m1!6e5?entry=ttu",2023-10-12T01:16:21.158Z,,LGBTQ+ friendly,
https://www.google.com/maps/place/Oasis+Taco+Truck/data=!4m7!3m6!1s0x886b552274cd9a71:0x8e9d937baf53845e!8m2!3d39.8827228!4d-86.2083019!16s%2Fg%2F11tf57cm2p!19sChIJcZrNdCJVa4gRXoRTr3uTnY4,Oasis Taco Truck,5,2,Taco restaurant,Â· Dine-in Â· Takeout,"en el parqueadero de Vision Hair salon, 7085 N Michigan Rd, Indianapolis, IN 46268, United States","VQMR+3M Indianapolis, Indiana, USA",https://oasis-taco-truck.business.site/?utm_source=gmb&utm_medium=referral,+1 317-746-3409,Closed,8 - 11:30 pm,Closed,Closed,#VALUE!,#VALUE!,Closed,#VALUE!,#VALUE!,7 - 11 p.m.,Closed,Closed today,https://lh5.googleusercontent.com/p/AF1QipNRma4Qy7Ldp5YDTk4hmCWlqKA5OX0d5rd9etyN=w408-h408-k-no,TRUE,39.8826875,-86.2083125,"https://www.google.com/maps/search/food+trucks+in+indianapolis/@40.0933878,-86.3872229,8z/data=!4m2!2m1!6e5?entry=ttu",2023-10-12T01:16:30.161Z,,Identifies as Latino-owned,
https://www.google.com/maps/place/T-N-T+Hot+Dogs+%26+Mobile+Catering/data=!4m7!3m6!1s0x886b5b238864fe77:0xff8166b24552b628!8m2!3d39.7075752!4d-86.1431747!16s%2Fg%2F11qrjcrvs8!19sChIJd_5kiCNba4gRKLZSRbJmgf8,T-N-T Hot Dogs & Mobile Catering,5,1,Hot dog stand,Â· Curbside pickup Â· Delivery,"395 E Hanna Ave, Indianapolis, IN 46227, United States","PV54+2P Indianapolis, Indiana, USA",https://www.facebook.com/TNTCatering8384,+1 317-721-8384,10 am - 3 pm,Closed,Closed,Closed,#VALUE!,#VALUE!,Closed,#VALUE!,#VALUE!,Closed,Closed,Closed,https://lh5.googleusercontent.com/p/AF1QipOagDPUDqGOgdRDpTRIRIO1TC2KBiLyw8cyPJo=w408-h306-k-no,TRUE,39.7075625,-86.1431875,"https://www.google.com/maps/search/food+trucks+in+indianapolis/@40.0933878,-86.3872229,8z/data=!4m2!2m1!6e5?entry=ttu",2023-10-12T01:16:51.734Z,,Identifies as women-owned,TRUE
https://www.google.com/maps/place/Kone+Heads+FoodTruck/data=!4m7!3m6!1s0x886b55b3b427e181:0x5316ab2715015b0c!8m2!3d39.88564!4d-86.211436!16s%2Fg%2F11lt46f1p5!19sChIJgeEntLNVa4gRDFsBFSerFlM,Kone Heads FoodTruck,5,2,Delivery Restaurant,Â· Drive-through,"7260 Michigan Rd, Indianapolis, IN 46268, United States","VQPQ+7C Indianapolis, Indiana, USA",,+1 317-506-9653,12 - 8 pm,12 - 8 pm,12 - 9 pm,12 - 9 pm,12 ,21:00,Closed,#VALUE!,#VALUE!,Closed,12 - 8 p.m.,Closed,https://lh5.googleusercontent.com/p/AF1QipOKKSpD0tbI33K8tjbI0ZErzbsqQHXn1fp13CWw=w408-h408-k-no,TRUE,39.8856875,-86.2114375,"https://www.google.com/maps/search/food+trucks+in+indianapolis/@40.0933878,-86.3872229,8z/data=!4m2!2m1!6e5?entry=ttu",2023-10-12T01:17:23.532Z,,,
https://www.google.com/maps/place/Pi+Indy/data=!4m7!3m6!1s0x886b517a4ded645d:0x9a5380ae76404a2f!8m2!3d39.7837157!4d-86.1337616!16s%2Fg%2F11sk7y29mp!19sChIJXWTtTXpRa4gRL0pAdq6AU5o,Pi Indy,5,1,Pizza takeaway,,"1125 E Brookside Ave, Indianapolis, IN 46202, United States","QVM8+FF Indianapolis, Indiana, USA",http://eatbetterpizza.com/,,,,,,#VALUE!,#VALUE!,,#VALUE!,#VALUE!,,,,https://lh5.googleusercontent.com/p/AF1QipNIGgK7mJzFow-stWnUNLRGh92O0fcAcbSWPzi4=w408-h544-k-no,FALSE,39.78375,-86.13375,"https://www.google.com/maps/search/food+trucks+in+indianapolis/@40.0933878,-86.3872229,8z/data=!4m2!2m1!6e5?entry=ttu",2023-10-12T01:18:55.786Z,,,
https://www.google.com/maps/place/Ponchitos+Mexican+Food+Truck/data=!4m7!3m6!1s0x886b51c6ab91a155:0x2d8afb4a14a751e6!8m2!3d39.7595922!4d-86.1122149!16s%2Fg%2F11pqrvr8y7!19sChIJVaGRq8ZRa4gR5lGnFEr7ii0,Ponchitos Mexican Food Truck,5,2,Mexican restaurant,,"3045 English Ave, Indianapolis, IN 46201, United States","QV5Q+R4 Indianapolis, Indiana, USA",,+1 479-372-8447,Closed,Closed,Closed,8 am - 5 pm,8:00,17:00,Closed,#VALUE!,#VALUE!,Closed,Closed,Temporarily closed,https://lh5.googleusercontent.com/p/AF1QipOLeF49TvEGu9tr3rkZMw-vv3oliOs9epjaP1o=w408-h270-k-no,TRUE,39.7595625,-86.1121875,"https://www.google.com/maps/search/food+trucks+in+indianapolis/@40.0933878,-86.3872229,8z/data=!4m2!2m1!6e5?entry=ttu",2023-10-12T01:19:13.838Z,,Identifies as Latino-owned,
https://www.google.com/maps/place/Food+truck/data=!4m7!3m6!1s0x886b493ee649d287:0xd398c773a0c88c58!8m2!3d39.8029754!4d-86.0136536!16s%2Fg%2F11k3_p9lq9!19sChIJh9JJ5j5Ja4gRWIzIoHPHmNM,Food truck,5,3,Fast food restaurant,Â· Dine-in Â· Curbside pickup Â· Delivery,"8801 E 25th St, Indianapolis, IN 46219, United States","RX3P+5G Indianapolis, Indiana, USA",https://www.facebook.com/profile.php?id=100088819155439&mibextid=LQQJ4d,+1 317-453-5449,12 - 10 pm,12 - 10:30 pm,12 - 11 pm,1 - 11 pm,1 ,23:00,Closed,#VALUE!,#VALUE!,Closed,12 - 10 p.m.,Closing soon,https://lh3.googleusercontent.com/gps-proxy/AFm_dcR--PXLDQQYtYhBtLaUbbQIgVNM5RoW4rXpypmSbZQKYg2qePUChQtr3lZ20HSwxcy52kDMEtupgh-piz-BJ7ZIhT2s2cOqea9xWU9gRteFknGwC0w7bOyjyd9L04BvGk4mAiK8FiQQMJKWqfypWgR1Xklu9nnCB23CuCaiQ5P2kjA1GRf2TzH_bQ=w426-h240-k-no,TRUE,39.8029375,-86.0136875,"https://www.google.com/maps/search/food+trucks+in+indianapolis/@40.0933878,-86.3872229,8z/data=!4m2!2m1!6e5?entry=ttu",2023-10-12T01:19:26.791Z,$,,
https://www.google.com/maps/place/Dashboard+Food+Truck+%26+Catering/data=!4m7!3m6!1s0x886b5d5dbedeaeb7:0xca910ab2061cf773!8m2!3d39.6134518!4d-86.1094849!16s%2Fg%2F11t6htbd94!19sChIJt67evl1da4gRc_ccBrIKkco,Dashboard Food Truck & Catering,5,2,Restaurant,Â· Dine-in Â· Takeout,"299 West Main Street, Greenwood, IN 46142, United States","JV7R+96 Greenwood, Indiana, USA",http://dashboardfoodtruck.com/,+1 317-790-9227,,,,,#VALUE!,#VALUE!,,#VALUE!,#VALUE!,,,,https://lh5.googleusercontent.com/p/AF1QipP33KHF7ECbjnII11FsfFWzrqsLPK7yJXfPCELm=w426-h240-k-no,FALSE,39.6134375,-86.1094375,"https://www.google.com/maps/search/food+trucks+in+indianapolis/@40.0933878,-86.3872229,8z/data=!4m2!2m1!6e5?entry=ttu",2023-10-12T01:19:40.537Z,,,
https://www.google.com/maps/place/Indy+Food+Shop/data=!4m7!3m6!1s0x886b493bdd0b260f:0x105fe3d048ab584c!8m2!3d39.8268675!4d-85.9922629!16s%2Fg%2F11qqw5psr7!19sChIJDyYL3TtJa4gRTFirSNDjXxA,Indy Food Shop,4,0,Fast food restaurant,Â· Dine-in Â· Drive-through Â· No-contact delivery,"9940 E 38th St, Indianapolis, IN 46235, United States","R2G5+P3 Indianapolis, Indiana, USA",,+1 317-480-3314,,,,,#VALUE!,#VALUE!,,#VALUE!,#VALUE!,,,,https://lh5.googleusercontent.com/p/AF1Qipmp1eZGhVVDtv0x7u6keZEKxDvWfbNNsSQdl4Ag=w408-h306-k-no,TRUE,39.8268125,-85.9923125,"https://www.google.com/maps/search/food+trucks+in+indianapolis/@40.0933878,-86.3872229,8z/data=!4m2!2m1!6e5?entry=ttu",2023-10-12T01:17:01.096Z,,,
https://www.google.com/maps/place/Talkin+Turkey+Real+Cajun+Food+Truck+%26+Catering/data=!4m7!3m6!1s0x886b535c96f6209d:0x38419672e063b6e2!8m2!3d39.8391965!4d-86.1506722!16s%2Fg%2F11gsn5_npz!19sChIJnSD2llxTa4gR4rZj4HKWQTg,Talkin Turkey Real Cajun Food Truck & Catering,4.7,42,Mobile caterer,,"Commercial Kitchen, 4550 Central Ave, Indianapolis, IN 46205, United States","RRQX+MP Indianapolis, Indiana, USA",,+1 317-809-3427,,,,,#VALUE!,#VALUE!,,#VALUE!,#VALUE!,,,,https://lh5.googleusercontent.com/p/AF1QipOQZqbK5SvVtdtOe-cNcWWidDKEb6ZOHVBeHIy2=w408-h272-k-no,TRUE,39.8391875,-86.1506875,"https://www.google.com/maps/search/food+trucks+in+indianapolis/@40.0933878,-86.3872229,8z/data=!4m2!2m1!6e5?entry=ttu",2023-10-12T01:17:27.728Z,,,
https://www.google.com/maps/place/Mr+%26+Mrs+Hot+Dog+Stand/data=!4m7!3m6!1s0x886b430467f9020f:0x21022e930dffb96b!8m2!3d39.6637097!4d-86.0845258!16s%2Fg%2F11jcmnfn1g!19sChIJDwL5ZwRDa4gRa7n_DZMuAiE,Mr & Mrs Hot Dog Stand,4,1,Hot dog stand,,"7140 S Emerson Ave, Indianapolis, IN 46237, United States","MW78+F5 Indianapolis, Indiana, USA",http://mrandmrshotdogstand.com/,,,,,,#VALUE!,#VALUE!,,#VALUE!,#VALUE!,,,Temporarily closed,https://lh5.googleusercontent.com/p/AF1Qipm_rLHfPZplDP2WYqj2aAWokwWTuv7c-Rskh4oQ=w408-h307-k-no,TRUE,39.6636875,-86.0845625,"https://www.google.com/maps/search/food+trucks+in+indianapolis/@40.0933878,-86.3872229,8z/data=!4m2!2m1!6e5?entry=ttu",2023-10-12T01:20:40.445Z,,,
